target,ecoli_strain,ncbi_taxid
GlcNAc(b1-2)Gal(b1-3)FucNAc(a1-3)GlcNAc,126,562
QuiNAc(b1-3)FucOAc(a1-4)Gal(b1-3)GalNAc(a1-4)QuiNAc,1303,745156
QuiNAc(b1-3)Fuc(a1-4)Gal(b1-3)GalNAc(a1-4)QuiNAc,1303,745156
QuiNAc(b1-3)FucOAc(a1-4)Gal(b1-3)GalNAc(a1-4)QuiNAc(b1-3)FucOAc(a1-4)Gal(b1-3)GalNAc(a1-7)LDManHep,1303,745156
QuiNAc(b1-3)Ribf(b1-4)Gal(b1-3)GalNAc(a1-2)QuiNAc,180/C3,562
Gal(a1-2)Gal(a1-2)[Gal(b1-4)]Glc(a1-3)Glc(a1-3)[LDManHep(a1-7)]LDManHepOP(a1-3)LDManHepOP(a1-5)[Kdo(a2-4)]Kdo(a2-6)GlcOPN(b1-6)GlcOPN,2513,562
GlcNAc(a1-4)GlcASer(b1-4)GlcNAc(a1-6)GlcNAc,2775/O8,562
Man(b1-3)[Fuc(a1-2)]Gal(b1-3)GlcNAc(a1-3)GlcNAc(b1-2)Man,396/C1,562
Glc(a1-4)[Glc(a1-2)]GlcA(b1-4)GalNAcOAc(b1-3)Gal(a1-3)GalNAc(b1-6)Glc,4s,562
Glc(a1-4)[Glc(a1-2)]GlcA(b1-4)GalNAc(b1-3)Gal(a1-3)GalNAc(b1-6)Glc,4s,562
Glc(a1-4)[Glc(a1-2)]GlcA(b1-4)GalNAc(b1-3)Gal(a1-3)GalNAc(b1-6)Glc,4sI2,562
Glc(a1-4)[Glc(a1-2)]GlcA(b1-4)GalNAc(b1-3)Gal(a1-3)GalNAc(b1-6)Glc,4sI4,562
Glc(a1-4)[Glc(a1-2)]GlcA(b1-4)GalNAcOAc(b1-3)Gal(a1-3)GalNAc(b1-6)Glc,4sI:pWclK,562
GlcNAc(a1-4)GalA(a1-2)Ribf(b1-4)Gal(b1-3)GalNAc(b1-4)GlcNAc,522/C1,562
QuiNAc(b1-3)Rha(a1-3)[Gal(a1-6)]Gal(b1-3)D-FucNAc(a1-2)QuiNAc,62D-1,549
QuiNAc(b1-3)Rha(a1-3)[Gal(a1-6)]Gal(b1-3)D-FucNAc(a1-2)QuiNAc,62D1,562
[Fuc(a1-2)]Gal(b1-3)GalNAc(b1-4)GalNAc(a1-3)GalNAc(b1-6)Gal,87/D2,562
GlcOPGroA(a1-4)Gal(b1-4)Glc(b1-3)GlcNAc(b1-4)GlcOPGroA,94/D4,562
D-FucNAc(a1-4)ManNAc(b1-4)GlcNAc(a1-3)D-FucNAc,B,37762
D-FucNAc(a1-4)ManNAcA(b1-4)GlcNAc(a1-3)D-FucNAc,B,37762
Glc(a1-3)[LDManHep(a1-7)]LDManHep(a1-3)LDManHepOPPEtn(a1-5)Kdo,B/PCM/1935,37762
NeuNAc(a2-3)Gal(b1-4)Glc,B41,869694
Glc(a1-3)Glc(a1-3)[LDManHep(a1-6)]LDManHepOP(a1-3)LDManHepOPPEtn(a1-5)Kdo(a2-7)[KdoOPEtn(a2-4)]Kdo,BB,562
Glc(a1-3)Glc(a1-3)[LDManHep(a1-6)]LDManHepOP(a1-3)LDManHepOPPEtn(a1-5)Kdo(a2-8)[KdoOPEtn(a2-4)]Kdo,BB,562
LDManHep(a1-3)LDManHep(a1-5)Kdo(a2-8)[KdoOPEtn(a2-4)]Kdo,BB1,562
LDManHep(a1-3)LDManHep(a1-5)Kdo(a2-7)[KdoOPEtn(a2-4)]Kdo,BB1,562
LDManHep(a1-6)LDManHep(a1-3)LDManHepOPPEtn(a1-5)Kdo(a2-7)[KdoOPEtn(a2-4)]Kdo,BB2,562
LDManHep(a1-6)LDManHep(a1-3)LDManHepOPPEtn(a1-5)Kdo(a2-8)[KdoOPEtn(a2-4)]Kdo,BB2,562
LDManHep(a1-3)LDManHepOPPEtn(a1-5)Kdo(a2-7)[KdoOPEtn(a2-4)]Kdo,BB20,562
LDManHep(a1-3)LDManHepOPPEtn(a1-5)Kdo(a2-8)[KdoOPEtn(a2-4)]Kdo,BB20,562
KdoOPEtn(a2-4)[Kdo(a2-7)]Kdo,BB4,562
KdoOPEtn(a2-4)[Kdo(a2-8)]Kdo,BB4,562
Glc(a1-3)LDManHep(a1-3)LDManHep(a1-5)Kdo(a2-7)[KdoOPEtn(a2-4)]Kdo,BB5,562
Glc(a1-3)LDManHep(a1-3)LDManHep(a1-5)Kdo(a2-8)[KdoOPEtn(a2-4)]Kdo,BB5,562
LDManHep(a1-5)Kdo(a2-8)[KdoOPEtn(a2-4)]Kdo,BB7,562
LDManHep(a1-5)Kdo(a2-7)[KdoOPEtn(a2-4)]Kdo,BB7,562
LDManHepOPPEtn(a1-5)Kdo(a2-8)[KdoOPEtn(a2-4)]Kdo,BB9,562
LDManHepOPPEtn(a1-5)Kdo(a2-7)[KdoOPEtn(a2-4)]Kdo,BB9,562
Glc(a1-3)[Gal(a1-6)]Glc(a1-3)[LDManHep(a1-7)]LDManHepOP(a1-3)LDManHepOP(a1-5)Kdo,BW25113,679895
Glc(a1-3)[Gal(a1-6)]Glc(a1-3)[LDManHep(a1-7)]LDManHepOP(a1-3)LDManHepOPEtn(a1-5)Kdo,BW25113,679895
LDManHep(a1-6)Glc(a1-2)Glc(a1-3)[Gal(a1-6)]Glc(a1-3)[LDManHep(a1-7)]LDManHepOP(a1-3)LDManHepOP(a1-5)Kdo,BW25113,679895
LDManHep(a1-6)Glc(a1-2)Glc(a1-3)[Gal(a1-6)]Glc(a1-3)[LDManHep(a1-7)]LDManHepOP(a1-3)LDManHepOPEtn(a1-5)Kdo,BW25113,679895
GlcA(b1-4)GlcNAc(a1-4)GlcA,Bi/8337/41,562
Gal(a1-2)Gal(a1-2)[Glc(b1-3)]Glc(a1-3)Glc(a1-3)[LDManHep(a1-7)]LDManHepOP(a1-3)LDManHepOPPEtn(a1-5)[KdoOPEtn(a2-4)]Kdo,C,498388
Gal(a1-2)Gal(a1-2)[Glc(b1-3)]Glc(a1-3)Glc(a1-3)[LDManHep(a1-7)]LDManHepOP(a1-7)LDManHepOPPEtn(a1-5)[Kdo(a2-4)]KdoOPPEtn,C,498388
Gal(a1-2)Gal(a1-2)Glc(a1-3)Glc,C,498388
Gal(a1-2)Gal(a1-2)[Glc(a1-3)]Glc(a1-3)Glc,C,498388
Gal(a1-2)Gal(a1-2)Glc(a1-3)Glc(a1-3)LDManHep(a1-3)LDManHep,C,498388
Gal(a1-2)Gal(a1-2)[Glc(b1-3)]Glc(a1-3)Glc(a1-3)[LDManHep(a1-7)]LDManHep(a1-3)LDManHep,C,498388
Gal(a1-2)Gal(a1-2)[Glc(b1-3)]Glc(a1-3)Glc,C,498388
Gal(a1-2)Gal(a1-2)[Glc(b1-3)]Glc(a1-3)Glc(a1-3)[LDManHep(a1-7)]LDManHepOP(a1-3)LDManHepOPPEtn(a1-5)[Kdo(a2-4)KdoOPPEtn(a2-4)]Kdo,C/NBRC/13898,562
Ribf(b1-4)Gal(b1-3)GalNAc(a1-2)QuiNAc(b1-3)Ribf,C3,562
GlcNAc(b1-3)Gal(a1-3)Gal(b1-4)Glc,CC1,562
GalA(a1-3)Fuc(a1-3)GlcNAc(b1-3)[Fuc(a1-4)]GlcNAc(b1-4)GalA,CCUG/36899,562
QuiNAc(b1-7)LDManHep(a1-6)Glc(a1-2)Glc(a1-3)Glc,CLM37/PglC,562
Galf(b1-6)Glc(a1-3)RhaOAc(a1-3)[Glc(a1-6)]GlcNAc(a1-2)Galf,CLM37/dwecA,562
Rha(a1-3)[Glc(a1-6)]GlcNAc(b1-4)Rha,CWG1217/dwzx-wbbK,562
Rha(a1-3)GlcNAc(b1-4)Rha,CWG1218/dwzx-wbbK/dgtrA,562
LDManHep(a1-3)LDManHep(a1-5)[Kdo(a2-4)]Kdo(a2-6)GlcOPN(b1-6)GlcOPN,CWG303,562
LDManHep(a1-3)LDManHepOP(a1-5)[Kdo(a2-4)]Kdo(a2-6)GlcOPN(b1-6)GlcOPN,CWG303,562
LDManHep(a1-3)LDManHep(a1-5)Kdo,CWG303,562
LDManHep(a1-3)LDManHepOPEtn(a1-5)Kdo,CWG303,562
Gal(a1-2)Glc(a1-2)[Glc(b1-3)]Glc(a1-3)Glc,CWG309/pWQ272,562
Gal(a1-2)Gal(a1-3)Glc,CWG350/pWQ271,562
Glc(a1-2)[GlcNAc(a1-3)]Gal(a1-3)Glc(a1-3)LDManHep,CWG351,562
Man(a1-2)Man(a1-2)Man(a1-3)Man(a1-3)Man,Cat001/pLG91,562
ManOPOMe(a1-2)Man(a1-2)Man(a1-3)Man,Cat001/pLG91,562
Galf(b1-3)Gal(a1-3)Galf,DH5a,668369
Galf(b1-3)[Gal(a1-4)]Gal(a1-3)Galf,DH5a,668369
Galf(b1-3)[Gal(a1-2)]Gal(a1-3)Galf,DH5a,668369
Galf(b1-3)GlcNAc(b1-5)Galf(b1-3)GlcNAc(b1-5)Galf(b1-3)Gal(a1-3)Galf(b1-3)Gal,DH5a,668369
GlcNAc(a1-2)Glc(a1-2)Glc(a1-3)[Gal(a1-6)]Glc(a1-3)[LDManHep(a1-7)]LDManHepOP(a1-3)LDManHepOPPEtn(a1-5)[KdoOPPEtn(a2-4)]Kdo,EH100,562
GlcNAc(a1-2)Glc(a1-2)Glc(a1-3)[Gal(a1-6)]Glc(a1-3)[LDManHep(a1-7)]LDManHepOP(a1-3)LDManHepOPPEtn(a1-5)[Gal(a1-7)Kdo(a2-4)]Kdo,EH100,562
GlcNAc(a1-2)Glc(a1-2)Glc(a1-3)[Gal(a1-6)]Glc,EH100,562
GlcNAc(a1-2)Glc(a1-2)Glc(a1-3)[Gal(a1-6)]Glc(a1-3)[LDManHep(a1-7)]LDManHepOP(a1-7)LDManHepOPPEtn(a1-5)[Kdo(a2-4)]KdoOPPEtn,EH100,562
GlcNAc(b1-4)MurNAcAla(b1-4)GlcNAc,EH3247,562
GlcNAc(b1-4)[Rha(a1-3)][Glc(b1-6)]Glc(a1-3)FucNAc(a1-3)GlcNAc,F171,562
Gal(a1-2)Glc(a1-2)[Gal(a1-4)]Glc(a1-3)Glc,F2513,562
Gal(a1-2)Gal(a1-2)[Glc(b1-3)]Glc(a1-3)Glc(a1-3)[LDManHep(a1-7)]LDManHepOP(a1-3)LDManHepOP(a1-5)[Kdo(a2-4)]Kdo(a2-6)GlcOPN(b1-6)GlcOPN,F470,562
Gal(a1-2)Gal(a1-2)[Glc(b1-3)]Glc(a1-3)Glc(a1-3)[GlcN(a1-7)LDManHep(a1-7)]LDManHepOP(a1-3)LDManHepOP(a1-5)[Kdo(a2-4)]Kdo(a2-6)GlcOPN(b1-6)GlcOPN,F470,562
Gal(a1-2)Gal(a1-2)[Glc(b1-3)]Glc(a1-3)Glc(a1-3)[LDManHep(a1-7)]LDManHepOP(a1-3)LDManHepOPEtn(a1-5)Kdo,F470,562
Gal(a1-2)Gal(a1-2)[Glc(b1-3)]Glc(a1-3)Glc(a1-3)[LDManHep(a1-7)]LDManHepOP(a1-3)LDManHepOP(a1-5)Kdo,F470,562
Gal(a1-2)Gal(a1-2)[Glc(b1-3)]Glc(a1-3)Glc,F470,562
Kdo(a2-8)Kdo(a2-4)Kdo,F515,562
Kdo(a2-4)Kdo(a2-4)Kdo,F515,562
Kdo(a2-4)Kdo(a2-6)GlcN(b1-6)GlcOPN,F515,562
Kdo(a2-4)Kdo(a2-6)GlcOPN(b1-6)GlcOPN,F515,562
Kdo(a2-4)Kdo(a2-4)[LDManHep(a1-5)]Kdo,F515,562
Kdo(a2-4)[LDManHep(a1-5)]Kdo,F515,562
Kdo(a2-6)GlcNOMyr(b1-6)GlcNOMyr,F515,562
Kdo(a2-4)Kdo(a2-6)GlcNOMyr(b1-6)GlcNOMyr,F515,562
Kdo(a2-4)Kdo(a2-4)Kdo(a2-6)GlcNOMyr(b1-6)GlcNOMyr,F515,562
Kdo(a2-4)Kdo(a2-6)GlcOPN(b1-6)GlcOPN,F515-140,562
Kdo(a2-8)Kdo(a2-4)Kdo(a2-6)GlcOPN(b1-6)GlcOPN,F515-140,562
Kdo(a2-4)Kdo(a2-4)Kdo(a2-6)GlcOPN(b1-6)GlcOPN,F515-140,562
Kdo(a2-4)[Kdo(a2-8)]Kdo(a2-4)Kdo(a2-6)GlcOPN(b1-6)GlcOPN,F515-140,562
Kdo(a2-4)D-3dAraHepUlosonic(a2-6)GlcOPN,F515-140,562
Kdo(a2-4)Kdo(a2-6)GlcOPN(b1-6)GlcOPN,F515-207,562
Kdo(a2-8)Kdo(a2-4)Kdo(a2-6)GlcOPN(b1-6)GlcOPN,F515-207,562
Kdo(a2-4)Kdo(a2-6)GlcOPN(b1-6)GlcN,F515-207,562
GlcN(a1-2)Glc(a1-2)Glc(a1-3)[Gal(a1-6)]Glc(a1-3)[LDManHep(a1-7)]LDManHepOP(a1-3)LDManHepOP(a1-5)[Kdo(a2-4)]Kdo(a2-6)GlcOPN(b1-6)GlcOPN,F576,1197131
GlcN(a1-2)[Gal(b1-4)]Glc(a1-2)Glc(a1-3)[Gal(a1-6)]Glc(a1-3)[LDManHep(a1-7)]LDManHepOP(a1-3)LDManHepOP(a1-5)[Kdo(a2-4)]Kdo(a2-6)GlcOPN(b1-6)GlcOPN,F576,1197131
KdoOPEtn(a2-4)[LDManHep(a1-5)]Kdo,F583,562
Kdo(a2-4)[LDManHep(a1-5)]Kdo,F583,562
GlcNAc(a1-2)Glc(a1-2)Glc(a1-3)[Gal(a1-6)]Glc,F632,562
Gal(a1-2)Gal(a1-2)[Gal(b1-4)]Glc(a1-3)Glc(a1-3)[LDManHep(a1-7)]LDManHepOP(a1-3)LDManHepOP(a1-5)[Kdo(a2-4)]Kdo(a2-6)GlcOPN(b1-6)GlcOPN,F635,562
Gal(a1-2)Gal(a1-2)[Gal(b1-4)]Glc(a1-3)Glc(a1-3)[GlcN(a1-7)LDManHep(a1-7)]LDManHep(a1-3)LDManHepOP(a1-5)[Kdo(a2-4)]Kdo(a2-6)GlcOPN(b1-6)GlcOPN,F635,562
Glc(a1-2)Glc(a1-2)[GlcNAc(a1-3)]Gal(a1-3)Glc,F653,562
Glc(a1-2)Glc(a1-2)[GlcNAc(a1-3)]Gal(a1-3)Glc(a1-3)[GlcNAc(a1-7)LDManHep(a1-7)]LDManHep(a1-3)LDManHep(a1-5)[Kdo(a2-4)Kdo(a2-4)]Kdo,F653,562
Gal(a1-2)Gal(a1-2)[Gal(b1-4)]Glc(a1-3)Glc(a1-3)[LDManHep(a1-7)]LDManHepOP(a1-3)LDManHepOP(a1-5)[Kdo(a2-4)]Kdo(a2-6)GlcOPN(b1-6)GlcOPN,F653,562
Glc(a1-3)[GlcNAc(a1-4)]Gal(a1-3)[Glc(a1-4)]Glc,F653,562
Glc(a1-2)Glc(a1-2)[GlcNAc(a1-3)]Gal(a1-3)Glc(a1-3)LDManHep,F653/R3,562
GlcAGroN(b1-4)Glc(b1-4)GalA(b1-3)GlcNAc(b1-3)GlcAGroN,G5287,562
[Rha(b1-4)]GlcNAc(a1-2)Glc(b1-3)Rha(a1-3)GlcNAc(b1-3)GlcNAc,O188/G5413,562
FucNAc(a1-3)[Glc(a1-6)]GlcNAc(b1-2)Rha(a1-6)Glc(a1-3)FucNAc,GH164,562
FucNAc(a1-3)[Glc(a1-6)]GlcNAc(b1-2)Galf(b1-6)Glc(a1-3)FucNAc,GH58,562
Glc(b1-2)[GalNAc(a1-3)]Man(b1-4)Man(b1-3)GlcNAc(b1-3)Glc(a1-3)[Gal(a1-2)Gal(a1-2)]Glc(a1-3)Glc(a1-3)[LDManHep(a1-7)]LDManHepOP(a1-3)LDManHepOPPEtn(a1-5)[Kdo(a2-4)]Kdo,H1,562
Rha(a1-3)Rha(a1-2)Gal(a1-3)GlcNAc(a1-3)Rha,H1230,622
Man(a1-2)Man(a1-2)Man(b1-3)GlcNAc(a1-6)Man,H1408,562
Glc(b1-2)D-FucNBut(b1-6)Glc(a1-4)GalNAc(a1-3)GlcNAc(b1-2)Glc,H1988,562
Gal(a1-2)Gal(a1-2)[Glc(a1-3)]Glc(a1-3)Glc,HF4704,562
Galf(b1-4)Gal(a1-3)GalOAcA(a1-3)GalNAc(b1-3)Galf,HS1/2,562
GalNAc(b1-4)GalNAcOPGro(b1-4)[Glc(a1-2)][Gal(a1-6)]Glc(b1-3)GalNAc(b1-6)GalNAc,HS3-104,562
AltNAcA(a1-3)D-FucNAcN(b1-4)AltNAcA,IE1351,562
Glc(a1-2)Glc(a1-2)[GlcNAc(a1-3)]Gal(a1-3)Glc(a1-3)[GlcNAc(a1-7)LDManHep(a1-7)]LDManHepOP(a1-3)LDManHepOP(a1-5)[Kdo(a2-4)Kdo(a2-4)]Kdo,J5,562
GlcN(a1-7)LDManHep(a1-7)[Glc(a1-3)]LDManHepOP(a1-3)LDManHepOPPEtn(a1-5)[KdoOPEtn(a2-4)]Kdo,J5,562
GlcNAc(a1-7)LDManHep(a1-7)[Glc(a1-3)]LDManHep(a1-3)LDManHep(a1-5)[Kdo(a2-4)]Kdo,J5,562
GlcN(a1-7)LDManHep(a1-7)[Glc(a1-3)]LDManHep(a1-3)LDManHepOP(a1-5)[Kdo(a2-4)]Kdo(a2-6)GlcOPN(b1-6)GlcOPN,J5,562
Glc(a1-3)LDManHep(a1-3)LDManHepOP(a1-5)[Kdo(a2-4)]Kdo(a2-6)GlcOPN(b1-6)GlcOPN,J5,562
Glc(a1-3)LDManHepOP(a1-3)LDManHepOP(a1-5)[Kdo(a2-4)]Kdo(a2-6)GlcOPN(b1-6)GlcOPN,J5,562
Glc(a1-3)[LDManHep(a1-7)]LDManHep(a1-3)LDManHepOP(a1-5)[Kdo(a2-4)]Kdo(a2-6)GlcOPN(b1-6)GlcOPN,J5,562
GlcN(a1-7)LDManHep(a1-7)[Glc(a1-3)]LDManHep(a1-3)LDManHepOP(a1-5)Kdo(a2-6)GlcOPN(b1-6)GlcOPN,J5,562
Glc(a1-3)[LDManHep(a1-7)]LDManHepOP(a1-3)LDManHepOP(a1-5)[Kdo(a2-4)]Kdo(a2-6)GlcOPN(b1-6)GlcOPN,J5,562
Gal(a1-2)Gal(a1-2)[Glc(b1-3)]Glc(a1-3)[LDManHep(a1-7)]LDManHepOP(a1-3)LDManHepOP(a1-5)[Kdo(a2-4)]Kdo(a2-6)GlcOPN(b1-6)GlcOPN,J5,562
Gal(a1-2)Gal(a1-2)[Glc(b1-3)]Glc(a1-3)[GlcN(a1-7)LDManHep(a1-7)]LDManHep(a1-3)LDManHepOP(a1-5)[Kdo(a2-4)]Kdo(a2-6)GlcOPN(b1-6)GlcOPN,J5,562
Glc(a1-2)Glc(a1-2)[GlcN(b1-3)]Gal(a1-3)[LDManHep(a1-7)]LDManHepOP(a1-3)LDManHepOP(a1-5)[Kdo(a2-4)]Kdo(a2-6)GlcOPN(b1-6)GlcOPN,J5,562
Glc(a1-2)Glc(a1-2)[GlcN(b1-3)]Gal(a1-3)[GlcN(a1-7)LDManHep(a1-7)]LDManHep(a1-3)LDManHepOP(a1-5)[Kdo(a2-4)]Kdo(a2-6)GlcOPN(b1-6)GlcOPN,J5,562
GlcNAc(a1-2)[Gal(b1-4)]Glc(a1-2)Glc(a1-3)[Gal(a1-6)]Glc(a1-3)[LDManHep(a1-7)]LDManHepOP(a1-3)LDManHepOP(a1-5)[Kdo(a2-4)]Kdo(a2-6)GlcOPN(b1-6)GlcOPN,J5,562
Gal(a1-2)Gal(a1-2)[Gal(b1-4)]Glc(a1-3)Glc(a1-3)[LDManHep(a1-7)]LDManHepOP(a1-3)LDManHepOP(a1-5)[Kdo(a2-4)]Kdo(a2-6)GlcOPN(b1-6)GlcOPN,J5,562
Glc(a1-2)Glc(a1-2)Gal(a1-3)[Gal(a1-6)]Glc(a1-3)[LDManHep(a1-7)]LDManHepOP(a1-3)LDManHepOP(a1-5)[Kdo(a2-4)]Kdo(a2-6)GlcOPN(b1-6)GlcOPN,J5,562
GlcN(a1-2)Glc(a1-2)Gal(a1-3)[Gal(a1-6)]Glc(a1-3)[LDManHep(a1-7)]LDManHepOP(a1-3)LDManHepOP(a1-5)[Kdo(a2-4)]Kdo(a2-6)GlcOPN(b1-6)GlcOPN,J5,562
Glc(a1-2)Glc(a1-2)[GlcNAc(a1-3)]Gal(a1-3)Glc(a1-3)[GlcNAc(a1-7)LDManHep(a1-7)]LDManHepOP(a1-3)LDManHepOP(a1-5)[Kdo(a2-4)Kdo(a2-4)]Kdo,J5,562
Gal(a1-2)Gal(a1-2)[Gal(b1-4)]Glc(a1-3)Glc(a1-3)[LDManHep(a1-7)]LDManHepOP(a1-3)LDManHepOP(a1-5)[Kdo(a2-4)]Kdo,J5,562
GlcNAc(a1-7)LDManHep(a1-7)[Glc(a1-3)]LDManHep(a1-3)LDManHep(a1-5)[Kdo(a2-4)]Kdo(a2-6)GlcNAc(b1-6)GlcNAc-ol,J5,562
Glc(a1-3)[LDManHep(a1-7)]LDManHep(a1-3)LDManHep(a1-5)[Kdo(a2-4)]Kdo(a2-6)GlcNAc(b1-6)GlcNAc-ol,J5,562
GlcNAc(a1-7)LDManHep(a1-7)[Glc(a1-3)]LDManHep(a1-3)LDManHep(a1-5)Kdo(a2-6)GlcNAc(b1-6)GlcNAc-ol,J5,562
Glc(a1-3)LDManHep(a1-3)LDManHep(a1-5)[Kdo(a2-4)]Kdo(a2-6)GlcNAc(b1-6)GlcNAc-ol,J5,562
Glc(a1-2)Glc(a1-2)[GlcNAc(a1-3)]Glc(a1-3)[GlcNAc(a1-7)LDManHep(a1-7)]LDManHepOP(a1-3)LDManHepOP(a1-5)[Kdo(a2-4)Kdo(a2-4)]Kdo,J5,562
Gal(a1-2)Gal(a1-2)[Gal(a1-4)]Glc(a1-3)Glc(a1-3)[LDManHep(a1-7)]LDManHepOP(a1-3)LDManHepOP(a1-5)[Kdo(a2-4)]Kdo,J5,562
Kdo(a2-4)[LDManHep(a1-5)]Kdo(a2-6)GlcOPN(b1-6)GlcOPN,J5,562
QuiNFo(b1-4)GalNAcAN(a1-4)GalNAcAN(a1-3)GlcNAc,JC8031/pGAB2,562
Fuc(a1-3)Glc(b1-3)[GalOPyr(b1-4)GlcA(b1-3)Gal(b1-4)]Fuc(b1-4)Fuc,K12,83333
[GalOPyr(b1-4)GlcA(b1-3)Gal(b1-4)]Fuc(b1-4)FucOAc(a1-3)Glc(b1-3)Fuc,K12,83333
LDManHep(a1-6)Glc(a1-2)Glc(a1-3)[Gal(a1-6)]Glc(a1-3)[LDManHep(a1-7)]LDManHepOP(a1-3)LDManHepOP(a1-5)[Kdo(a2-4)[Rha(a1-5)]KdoOPEtn(a2-4)]Kdo,K12,83333
LDManHep(a1-6)Glc(a1-2)Glc(a1-3)[Gal(a1-6)]Glc(a1-3)[LDManHep(a1-7)]LDManHepOP(a1-3)LDManHepOPEtn(a1-5)[Kdo(a2-4)[Rha(a1-5)]KdoOPEtn(a2-4)]Kdo,K12,83333
GlcNAc(a1-7)LDManHep(a1-6)Glc(a1-2)Glc(a1-3)[Gal(a1-6)]Glc(a1-3)[GlcA(b1-7)LDManHep(a1-7)]LDManHepOP(a1-3)LDManHepOPPEtn(a1-5)[Rha(a1-5)Kdo(a2-4)[Rha(a1-5)]KdoOPEtn(a2-4)]Kdo(a2-6)GlcN,K12,83333
LDManHep(a1-6)Glc(a1-2)Glc(a1-3)[Gal(a1-6)]Glc(a1-3)[LDManHep(a1-7)]LDManHepOP(a1-3)LDManHepOPPEtn(a1-5)[KdoOPEtn(a2-4)]Kdo,K12,83333
Glc(a1-3)[Gal(a1-6)]Glc(a1-3)[LDManHep(a1-7)]LDManHep(a1-3)LDManHepOPPEtn(a1-5)[Rha(a1-5)Kdo(a2-4)KdoOPEtn(a2-4)]Kdo,K12,83333
LDManHep(a1-6)Glc(a1-2)Glc(a1-3)[Gal(a1-6)]Glc(a1-3)[GlcA(b1-7)LDManHep(a1-7)]LDManHep(a1-3)LDManHepOPPEtn(a1-5)[KdoOPEtn(a2-4)]Kdo,K12,83333
Glc(a1-3)[Gal(a1-6)]Glc(a1-3)[GlcA(b1-7)LDManHep(a1-7)]LDManHep(a1-3)LDManHepOPPEtn(a1-5)[Rha(a1-5)Kdo(a2-4)KdoOPEtn(a2-4)]Kdo,K12,83333
Glc(a1-3)Glc(a1-3)[GlcA(b1-7)LDManHep(a1-7)]LDManHep(a1-3)LDManHepOP(a1-5)[Kdo(a2-4)]Kdo(a2-6)GlcN(b1-6)GlcOPN,K12,83333
QuiNAc(b1-7)LDManHep(a1-6)Glc(a1-2)Glc(a1-3)Glc,K12,83333
Galf(b1-3)[Gal(a1-2)]Gal(a1-3)Galf,K12/CWG286,83333
Galf(b1-3)[Gal(a1-4)]Gal(a1-3)Galf,K12/CWG286,83333
[GlcA(b1-3)Gal(a1-3)]Man(a1-3)Gal(b1-2)Man,K30,562
NeuNAc(a2-8)NeuNAc(a2-8)NeuNAc,K1,1392869
NeuNAc(a2-3)Gal(b1-3)GalNAc(b1-4)[NeuNAc(a2-8)NeuNAc(a2-3)]Gal(b1-4)Glc,K1,1392869
RhaOAc(a1-3)QuiNMal(b1-3)RhaOAc,K10,562
Ribf(b1-2)RibOP-ol(3-5)Ribf,K100,562
Ribf(b1-2)Rib-ol(3-5)Ribf,K100,562
GalNAc(b1-4)[GlcNAc(b1-3)]GlcA(b1-3)Gal(b1-3)GalNAc,K101,562
[GlcNAc(b1-3)]GlcA(b1-3)Gal(b1-3)GalNAc(b1-4)GlcA,K101,562
Gal(b1-4)[Glc(a1-4)GlcA(b1-3)]Gal(a1-4)Gal(b1-3)Gal,K102,562
Gal(a1-4)GalOPyr(a1-3)Rha(a1-3)Gal,K103,562
GalA(a1-3)Man(a1-4)Glc(b1-3)GlcNAc(a1-2)Man(b1-3)ManNAc(b1-4)GalA,K103,562
[Fruf(b2-3)]Glc(b1-4)GlcOP(a1-4)Glc,K11,562
Glc(b1-4)[Fruf(b2-3)]GlcOP(a1-4)Glc,K11,562
D-FucNAc(a1-4)ManNAc(b1-4)GlcNAc(a1-3)D-FucNAc,K12,83333
[GalOPyr(b1-4)GlcA(b1-3)Gal(b1-4)]D-Fuc(b1-4)D-FucOAc(a1-3)Glc(b1-3)D-Fuc,K12,83333
GlcNAc(b1-7)LDManHep(a1-6)Glc,K12,83333
GlcNAc(b1-7)LDManHep(a1-6)Glc(a1-2)Glc,K12,83333
DDManHep(a1-6)Glc(a1-2)Glc(a1-3)[Gal(a1-6)]Glc(a1-3)DDManHep,K12,83333
Glc(a1-3)[Gal(a1-6)]Glc(a1-3)[LDManHep(a1-7)]LDManHep(a1-3)LDManHep(a1-5)Kdo,K12,83333
D-FucNAc(a1-4)ManNAcA(b1-4)GlcNAc(a1-3)D-FucNAc,K12,83333
LDManHep(a1-6)Glc(a1-2)Glc(a1-3)Glc,K12,83333
LDManHep(a1-6)Glc(a1-2)Glc,K12,83333
GlcNAc(b1-7)LDManHep(a1-6)Glc(a1-2)Glc(a1-3)[Gal(a1-6)]Glc(a1-3)[LDManHep(a1-7)]LDManHep(a1-3)LDManHep(a1-5)[Kdo(a2-4)KdoOPPEtn(a2-4)]Kdo,K12,83333
GlcNAc(b1-7)LDManHep(a1-6)Glc(a1-2)Glc(a1-3)[Gal(a1-6)]Glc(a1-3)[LDManHep(a1-7)]LDManHep(a1-3)LDManHep(a1-5)[Rha(a1-5)KdoOPPEtn(a2-4)]Kdo,K12,83333
LDManHep(a1-4)Glc(a1-2)Glc(a1-3)[Gal(a1-6)]Glc(a1-3)[LDManHep(a1-7)]LDManHepOP(a1-3)LDManHepOP(a1-5)[Kdo(a2-4)[Rha(a1-5)]KdoOPEtn(a2-4)]Kdo,K12,83333
GlcNAc(b1-6)Glc(a1-2)Glc(a1-3)[Gal(a1-6)]Glc,K12,83333
Rha(a1-2)Rha(a1-5)Kdo(b2-3)Rha,K12,83333
GlcNAc(b1-2)[Glc(a1-6)Glc(a1-3)]Rha(a1-3)FucNAc(a1-4)GlcNAc,K12,83333
Kdo(b2-3)Rha(a1-2)Rha(a1-5)Kdo(b2-3)Rha(a1-2)Rha,K12,83333
Rha(a1-3)Rha(a1-2)Gal(a1-3)GlcNAc(a1-3)Rha,K12,83333
Rha(a1-3)Rha(a1-2)Gal(a1-3)GlcNAc(a1-3)GlcNAc(b1-6)Glc(a1-2)Glc(a1-3)[Gal(a1-6)]Glc,K12,83333
Rha(a1-2)Gal(a1-3)GlcNAc,K12,83333
Rha(a1-3)Rha(a1-2)Gal(a1-3)GlcNAc,K12,83333
Man(a1-2)Man(a1-2)Man(a1-3)Man,K12,83333
Rha(a1-2)Rha(a1-5)KdoOAc(b2-3)Rha,K12,83333
GalOPyr(b1-4)GlcA(b1-3)Gal(b1-4)[Fuc(a1-3)Glc(b1-4)]Fuc,K12,83333
D-FucNAc(a1-4)ManOAcA(b1-4)GlcNAc(a1-3)D-FucNAc,K12,83333
GlcNAc(a1-7)LDManHep(a1-6)Glc(a1-2)Glc(a1-3)[Gal(a1-6)]Glc(a1-3)[LDManHep(a1-7)]LDManHep(a1-3)LDManHep(a1-5)[Rha(a1-5)Kdo(a2-4)]Kdo,K12,83333
GlcNAc(a1-7)LDManHep(a1-6)Glc(a1-2)Glc(a1-3)[Gal(a1-6)]Glc(a1-3)[LDManHep(a1-7)]LDManHep(a1-3)LDManHep(a1-5)[Kdo(a2-5)Kdo(a2-4)]Kdo,K12,83333
Galf(b1-6)Glc(a1-3)RhaOAc(a1-3)[Glc(a1-6)]GlcNAc(a1-2)Galf,K12,83333
Galf(b1-6)Glc(a1-3)FucNAc(a1-3)[Glc(a1-6)]GlcNAc(a1-2)Galf,K12,83333
LDManHep(a1-6)Glc(a1-2)Glc(a1-3)[Gal(a1-6)]Glc(a1-3)[LDManHep(a1-7)]LDManHepOP(a1-3)LDManHepOP(a1-5)[Kdo(a2-4)]Kdo(a2-6)GlcOPN(b1-6)GlcOPN,K12,83333
GlcN(b1-7)LDManHep(a1-6)Glc(a1-2)Glc(a1-3)[Gal(a1-6)]Glc(a1-3)[LDManHep(a1-7)]LDManHepOP(a1-3)LDManHepOP(a1-5)[Kdo(a2-4)]Kdo(a2-6)GlcOPN(b1-6)GlcOPN,K12,83333
GalOPyr(a1-4)GlcA(b1-3)GalOAc(a1-3)Fuc(a1-4)FucOAc(a1-3)Glc(b1-7)LDManHep,K12,83333
LDManHep(a1-6)Glc(a1-2)Glc(a1-3)[Gal(a1-6)]Glc,K12,83333
Glc(a1-3)RhaOAc(a1-3)[Glc(a1-6)]GlcNAc,K12,83333
Glc(a1-3)[Gal(a1-6)]Glc(a1-3)[LDManHep(a1-7)]LDManHepOP(a1-3)LDManHepOPPEtn(a1-5)[Kdo(a2-4)[Rha(a1-5)]Kdo(a2-4)]Kdo,K12,83333
[GalOPyr(a1-4)GlcA(b1-3)GalOAc(a1-3)]Fuc(b1-4)FucOAc(a1-3)Glc(b1-4)Fuc,K12,83333
KdoOAc(b2-3)Rha(a1-2)Rha(a1-5)KdoOAc,K12,83333
GalNAc(a1-4)GalNAc(a1-4)[Glc(b1-3)]GalNAc(a1-4)GalNAc(a1-4)GalNAc(a1-3)GlcNAc(b1-7)LDManHep(a1-6)Glc(a1-2)Glc(a1-3)Glc(a1-3)[Gal(a1-6)]LDManHepOP,K12,83333
KdoOPEtn(a2-4)Kdo(a2-6)GlcOPN(b1-6)GlcOPN,K12,83333
KdoOP(a2-4)Kdo(a2-6)GlcOPN(b1-6)GlcOPN,K12,83333
Kdo(a2-4)Kdo(a2-6)GlcOPN(b1-6)GlcOPN,K12,83333
Kdo(a2-4)Kdo(a2-4)Kdo(a2-6)GlcOPN(b1-6)GlcOPN,K12/WBB51,83333
Kdo(a2-8)Kdo(a2-4)Kdo(a2-6)GlcOPN(b1-6)GlcOPN,K12/WBB51,83333
Kdo(a2-4)Kdo(a2-6)GlcOPN(b1-6)GlcOPN,K12/WBB51,83333
Kdo(a2-4)[Kdo(a2-8)]Kdo(a2-4)Kdo(a2-6)GlcOPN(b1-6)GlcOPN,K12/WBB52,83333
Kdo(a2-4)Kdo(a2-4)Kdo(a2-6)GlcOPN(b1-6)GlcOPN,K12/WBB52,83333
Kdo(a2-8)Kdo(a2-4)Kdo(a2-6)GlcOPN(b1-6)GlcOPN,K12/WBB52,83333
Kdo(a2-4)Kdo(a2-6)GlcOPN(b1-6)GlcOPN,K12/WBB52,83333
Kdo(a2-8)Kdo(a2-4)Kdo(a2-6)GlcOPN(b1-6)GlcOPN,K12/WBB53,83333
Kdo(a2-4)Kdo(a2-6)GlcOPN(b1-6)GlcOPN,K12/WBB53,83333
Galf(b1-3)Gal(a1-3)GlcNAc,K12/mutant,83333
LDManHep(a1-6)Glc(a1-2)Glc(a1-3)[Gal(a1-6)]Glc(a1-3)[LDManHep(a1-7)]LDManHep(a1-3)LDManHep(a1-5)Kdo,K12/pGEM,83333
Glc(a1-3)[Gal(a1-6)]Glc(a1-3)[LDManHep(a1-7)]LDManHepOP(a1-3)LDManHepOP(a1-5)[Kdo(a2-4)[Rha(a1-5)]Kdo(a2-4)]Kdo,K12/W3100,316407
Glc(a1-2)Glc(a1-3)[Gal(a1-6)]Glc(a1-3)[LDManHep(a1-7)]LDManHepOP(a1-3)LDManHepOP(a1-5)[Kdo(a2-4)]Kdo,K12/W3100,316407
LDManHep(a1-6)Glc(a1-2)Glc(a1-3)[Gal(a1-6)]Glc(a1-3)[LDManHep(a1-7)]LDManHepOP(a1-3)LDManHepOP(a1-5)[Kdo(a2-4)]Kdo,K12/W3100,316407
GlcNAc(b1-7)LDManHep(a1-6)Glc(a1-2)Glc(a1-3)[Gal(a1-6)]Glc(a1-3)[LDManHep(a1-7)]LDManHepOP(a1-3)LDManHepOP(a1-5)[Kdo(a2-4)]Kdo,K12/W3100,316407
Galf(b1-6)Glc(a1-3)RhaOAc(a1-3)[Glc(a1-6)]GlcNAc(a1-2)Galf,K12/O16,83333
GlcNAc(b1-7)LDManHep(a1-6)Glc(a1-2)Glc(a1-3)[Gal(a1-6)]Glc,K12/O16/MFFF1,83333
Glc(a1-3)Rha(a1-3)[Glc(a1-6)]GlcNAc(b1-7)LDManHep(a1-6)Glc(a1-2)Glc(a1-3)[Gal(a1-6)]Glc,K12/O16/MFFF1/pMF19,83333
Ribf(b1-7)KdoOAc(b2-3)Ribf,K13,562
Ribf(b1-2)Ribf(b1-7)KdoOMe,K13,562
Ribf(b1-7)Kdo(b2-3)Ribf,K13,562
GalNAc(b1-5)KdoOAc(b2-6)GalNAc,K14,562
KdoOAc(b2-6)GalNAc(b1-5)KdoOAc,K14,562
KdoOP(b2-6)GalNAc(b1-5)KdoOP,K14,562
RibfOAc(b1-3)Ribf(b1-5)Kdo(a2-3)RibfOAc,K16,562
RibfOAc(b1-2)RibOP-ol(2-5)RibfOAc,K18,562
Ribf(b1-4)Kdo(b2-3)Ribf,K19,562
GalOPGro(a1-5)GalfOPGro(a1-4)GalOPGro,K2,562
RibfOAc(b1-7)Kdo(b2-3)RibfOAc,K20,562
Ribf(b1-2)RibOP-ol(2-5)Ribf,K22,562
Ribf(b1-7)Kdo(b2-3)Ribf,K23,562
GlcA(b1-3)GalNAc(a1-3)GalNAc(a1-2)Fuc(a1-2)GlcA,K25,562
GlcA(b1-3)Rha(a1-3)Rha(a1-3)Rha(a1-3)Gal(b1-3)GlcA,K26,562
Rha(a1-3)Gal(b1-3)[RhaOPyr(a1-4)]GlcA(b1-3)Rha(a1-3)Rha(a1-3)Rha,K26,562
[Gal(a1-3)]Glc(a1-4)GlcA(a1-3)Fuc(a1-4)Glc,K27,562
[Gal(b1-4)]Glc(a1-4)GlcA(b1-4)FucOAc(a1-3)Glc,K28,562
Man(a1-3)Glc(b1-3)[GlcOPyr(b1-2)Man(a1-4)]GlcA(b1-3)Gal(a1-2)Man,K29,562
Rha(a1-3)Rha(a1-3)Rha(a1-2)Rha,K3,562
[GlcA(b1-3)Gal(a1-3)]Man(a1-3)Gal(b1-2)Man,K30,562
Glc(b1-3)Gal(a1-3)Man(a1-3)Gal,K30,562
GlcA(b1-3)Gal(a1-3)Man(a1-3)Gal,K30,562
Glc(a1-3)Gal(b1-3)[Rha(a1-4)]GlcA(a1-2)Rha(a1-2)Rha(a1-2)Glc,K31,562
[GlcA(a1-3)Gal(a1-3)]RhaOAc(a1-3)Glc(b1-4)RhaOAc,K32,562
Glc(a1-4)GlcAOPyr(b1-4)[Gal(a1-3)]FucOAc(a1-3)Glc,K33,562
GlcA(b1-4)[Glc(a1-4)Gal(b1-3)]Gal(b1-3)Gal(b1-2)GlcA,K34,562
[Gal(b1-4)GlcA(a1-3)]Man(b1-4)Glc(a1-3)Glc(b1-4)Man,K35,562
Gal(b1-3)[Man(a1-4)]GalA(a1-2)Man(a1-3)Gal,K36,562
Glc(b1-3)[GalOPyr(a1-4)]Gal(a1-3)Glc,K37,562
GlcNAc(a1-4)GalA(a1-2)Ribf(b1-4)Gal(b1-3)GalNAc(b1-4)GlcNAc,K38,562
Gal(a1-3)Man(a1-3)Glc(b1-6)Glc-ol,K39,562
Glc(a1-4)GlcA(b1-2)[Gal(a1-3)]Man(a1-3)Glc(b1-6)Glc,K39,562
[Fruf(b2-3)]GlcA(b1-3)GalNAc(b1-4)GlcA,K4,562
GlcA(b1-3)GalNAc(b1-4)GlcA,K4,562
IdoA(a1-3)GalNAc(b1-4)IdoA,K4,562
GalNAc(b1-4)[Fruf(b2-3)]GlcA(b1-3)GalNAc,K4,562
[Fruf(b2-3)]GlcA(b1-4)GalNAc(b1-4)GlcA,K4,562
[Fruf(b2-3)]GlcA(b1-3)GalNAc(b1-4)GlcA(b1-3)GalNAc(b1-4)GlcA,K4,562
[Fruf(b2-3)]GlcA(b1-3)GalNAc(b1-4)GlcA,K4/O5:K4:H4,562
GlcA(b1-3)GalNAc(b1-4)GlcA,K4/O5:K4:H4,562
Fruf(b2-3)L-4dThrHex4en(a1-3)GalNAc,K4/O5:K4:H4,562
GlcASer(b1-4)GlcNAc(a1-6)GlcNAc(a1-4)GlcASer,K40,562
GlcNAc(a1-4)GlcASer(b1-4)GlcNAc(a1-6)GlcNAc,K40,562
Gal(a1-3)GalA(a1-3)Fuc(a1-3)Gal,K42,562
GlcA(b1-3)Rha(a1-4)GlcNAc(a1-6)GalNAc(b1-4)GlcA,K44,562
GlcA(b1-3)Rha(a1-4)GlcNAc(a1-6)GalNAc,K44,562
[D-FucNAc(b1-3)]GlcNAc(a1-4)GalA(b1-3)GlcNAc(b1-6)GlcNAc,K45,562
[Glc(b1-2)]Gal(b1-3)GlcNAc(b1-3)RhaOPGro(a1-3)Gal,K46,562
GlcNAc(b1-2)GalOPyr(b1-4)Man(b1-4)Gal(a1-3)GlcNAc,K47,562
[RhaNAc(b1-3)]GlcNAc(b1-4)GlcA(b1-3)GlcNAc(b1-4)GlcNAc,K48,562
RhaNAc(b1-3)[GlcNAc(b1-4)]GlcNAc,K48,562
GlcAThr(b1-6)Gal(b1-6)Glc(b1-3)GalNAc(b1-4)GlcAThr,K49,562
GlcA(b1-4)GlcNAc(a1-4)GlcA,K5,562
GlcA(b1-4)GlcNAc(b1-4)GlcA,K5,562
GalNAc(a1-4)GlcA(b1-3)GalNAc,K5,562
Glc(b1-2)[GalNAc(a1-3)]Man(b1-4)Man(b1-3)GlcNAc(b1-3)Glc(a1-3)[Gal(a1-2)Gal(a1-2)]Glc(a1-3)Glc(a1-3)[LDManHep(a1-7)]LDManHepOP(a1-3)LDManHepOPPEtn(a1-5)[Kdo(a2-4)]Kdo,K5,562
GlcNAcOS(a1-4)GlcA(b1-4)GlcOSN(a1-4)IdoOSA(a1-4)GlcOSN(a1-4)GlcNAcOS,K5,562
ManNAcA(b1-4)GlcOAc(b1-3)ManNAcA,K5,562
Rha(a1-2)Rha(a1-5)KdoOAc(b2-3)Rha,K5,562
[Fruf(b2-3)]GlcA(b1-4)GalNAc(b1-4)GlcA,K5,562
NeuNAc(a2-8)NeuNAc(a2-8)NeuNAc,K5,562
NeuNAc(a2-9)NeuNAc(a2-8)NeuNAc,K5,562
GlcOSN(a1-4)GlcA(b1-4)GlcOSN(a1-4)GlcOSA(b1-4)GlcOSN(a1-4)GlcOSN,K5,562
GlcA(a1-4)GlcNAc(b1-4)GlcA,K5,562
GlcOSA(a1-4)GlcNAcOS(b1-4)GlcOSA,K5,562
GlcOSA(a1-4)GlcOSN(b1-4)GlcOSA,K5,562
GlcA(b1-4)GlcNAc(a1-4)GlcA,K5/ATCC23506,562
Rha(b1-4)GlcNAc(a1-2)ManOPyr(b1-3)ManNAc(a1-3)Rha,K50,562
GlcNAcOP(a1-3)GlcNAcOP(a1-3)GlcNAcOP(a1-3)GlcNAc,K51,562
[Fruf(b2-2)]GalOAcOP(a1-3)GalOAcOP,K52,562
GalfOAc(b1-4)GlcA(b1-3)GalfOAc,K53,562
GlcAThr(b1-3)Rha(a1-3)GlcAThr,K54,562
GlcASer(b1-3)Rha(a1-3)GlcASer,K54,562
GlcA(b1-4)Glc(b1-3)ManOAcOPyr(b1-4)GlcA,K55,562
ManNAcA(b1-4)GlcOAc(b1-3)ManNAcA,K56,562
Gal(b1-3)GlcNAc(a1-4)GalA(a1-2)Ribf(b1-4)Gal,K57,562
Ribf(b1-4)Gal(b1-3)GlcNAc(a1-4)GalA(a1-2)Ribf,K57,562
[Ribf(b1-2)]Ribf(b1-7)Kdo(b2-3)Ribf,K6,562
Ribf(b1-2)Ribf(b1-7)Kdo(a2-2)Ribf,K6,562
[Ribf(b1-2)]Ribf(b1-7)Kdo(a2-3)[Ribf(b1-2)]Ribf(b1-3)Ribf,K6,562
Gal(a1-2)Ribf(b1-4)Gal,K61,562
ManNAcA(b1-4)GlcOAc(b1-3)ManNAcA,K7,562
RibfOAc(b1-2)Ribf(b1-6)Kdof(b2-3)RibfOAc,K74,562
RibfOAc(b1-2)Ribf(b1-6)Kdof(b2-3)RibfOAc,K74/H702c,562
Ribf(b1-2)Ribf(b1-6)Kdof(b2-3)Ribf,K74/H702c,562
GalNAc(b1-2)Gal(b1-3)GlcNAc(a1-3)GlcOAcA(b1-3)GalNAc,K8,562
Rha(a1-2)Rha(a1-5)Kdo,K82,562
Rha(a1-2)Rha(a1-5)KdoOAc(b2-3)Rha,K82,562
Man(a1-4)GalA(a1-3)GlcNAc(b1-2)Gal(a1-3)RhaOAc(a1-4)Man,K83,562
GalA(a1-3)Man(a1-4)Glc(b1-3)GlcNAc(a1-2)Man(b1-3)ManNAc(b1-4)GalA,K84,562
GlcA(b1-4)FucNAcOAc(a1-3)[Glc(b1-4)]GlcNAc(b1-6)Gal(a1-4)GlcA,K87,562
GlcA(b1-3)FucNAc(a1-3)[Glc(b1-4)]GlcNAc(b1-6)Gal(a1-4)GlcA,K87,562
Gal(b1-3)GalNAc(b1-4)Gal(a1-4)NeuNAc,K9,562
Gal(b1-3)GalNAc(b1-4)Gal(a1-4)NeuNAc(a2-3)Gal,K9,562
NeuNAc(a2-9)NeuNAc(a2-8)NeuNAc,K92,562
NeuNAc(a2-8)NeuNAc(a2-9)NeuNAc,K92,562
NeuNAc(a2-8)NeuNAc(a2-9)NeuNAc(a2-9)NeuNAc,K92,562
GalfOAc(b1-4)GlcA(b1-3)GalfOAc,K93,562
Ribf(b1-8)Kdof(b2-3)Ribf,K95,562
GlcA(b1-3)Rha(a1-3)GlcA,K96,562
ManNAc(a1-3)GlcA(b1-3)[Gal(b1-6)]Gal(b1-3)GlcNAc(b1-3)ManNAc,K99,562
GalOPyr(a1-4)GlcA(b1-3)GalOAc(a1-3)Fuc(a1-4)FucOAc(a1-3)Glc(b1-7)LDManHep(a1-6)Glc(a1-2)Glc(a1-3)[Gal(a1-6)]Glc(a1-3)[LDManHep(a1-7)]LDManHepOP(a1-3)LDManHepOPEtn(a1-5)Kdo,KPM22,562
GlcAGroN(b1-4)Glc(b1-4)GalA(b1-3)GlcNAc(b1-3)GlcAGroN,L19,562
Ribf(b1-2)Ribf(b1-7)KdoOMe,LP1092,562
[Ribf(b1-2)]Ribf(b1-7)Kdo(b2-3)Ribf,LP1092,562
Gal(b1-4)GlcNAc(b1-3)Gal(b1-4)Glc,MR28,562
Gal(b1-4)GlcNAc(b1-3)Gal(b1-4)GlcNAc(b1-3)Gal(b1-4)Glc,MR28,562
Gal(b1-4)GlcNAc(b1-3)Gal(a1-3)Gal(b1-4)GlcNAc(b1-3)Gal(b1-4)Glc,MR28,562
Gal(b1-4)GlcNAc(b1-3)Gal(a1-3)Gal(b1-4)GlcNAc(b1-3)Gal(a1-3)Gal(b1-4)GlcNAc(b1-3)Gal(b1-4)Glc,MR28,562
Gal(b1-4)GlcNAc(b1-3)Gal(a1-3)Gal(b1-4)GlcNAc(b1-3)Gal(a1-3)Gal(b1-4)GlcNAc(b1-3)Gal(a1-3)Gal(b1-4)GlcNAc(b1-3)Gal(b1-4)Glc,MR28,562
Gal(b1-4)GlcNAc(b1-3)Gal(a1-3)Gal(b1-4)GlcNAc(b1-3)Gal(a1-3)Gal(b1-4)GlcNAc(b1-3)Gal(a1-3)Gal(b1-4)GlcNAc(b1-3)Gal(a1-3)Gal(b1-4)GlcNAc(b1-3)Gal(b1-3)Glc,MR28,562
Gal(a1-3)Gal(b1-4)Glc,MR47,562
Gal(a1-3)Gal(b1-4)GlcNAc(b1-3)Gal(b1-4)Glc,MR47,562
Gal(a1-3)Gal(b1-4)GlcNAc(b1-3)Gal(b1-4)GlcNAc(b1-3)Gal(b1-4)Glc,MR47,562
Gal(a1-3)Gal(b1-4)GlcNAc(b1-3)Gal(b1-4)GlcNAc(b1-3)Gal(b1-4)GlcNAc(b1-3)Gal(b1-4)Glc,MR47,562
Gal(a1-3)Gal(b1-4)GlcNAc(b1-3)Gal(b1-4)GlcNAc(b1-3)Gal(b1-4)GlcNAc(b1-3)Gal(b1-4)GlcNAc(b1-3)Gal(b1-4)Glc,MR47,562
Gal(a1-3)Gal(b1-4)GlcNAc(b1-3)Gal(b1-4)GlcNAc(b1-3)Gal(b1-4)GlcNAc(b1-3)Gal(b1-4)GlcNAc(b1-3)Gal(b1-4)GlcNAc(b1-3)Gal(b1-4)Glc,MR47,562
[RhaNAcNFo(b1-3)]Man(b1-3)Gal(a1-4)Rha(a1-3)GlcNAc(a1-2)Man,NRCC4325,562
[RhaNAcNFo(b1-3)]Man(b1-3)Gal(a1-4)Rha(a1-3)GlcNAc(a1-2)Man,NRCC4326,562
Glc(b1-2)[GalNAc(a1-3)]Man(b1-4)Man(b1-3)GlcNAc(b1-3)Glc(a1-3)[Gal(a1-2)Gal(a1-2)]Glc(a1-3)Glc(a1-3)[LDManHep(a1-7)]LDManHepOP(a1-3)LDManHepOPPEtn(a1-5)[Kdo(a2-4)]Kdo,Nissle1917,316435
GlcNAc(b1-3)[D-FucNBut(a1-2)]Rha(a1-3)Rha(a1-3)Gal(a1-3)GlcNAc,O10,1010798
GlcNAc(b1-3)[D-FucNAc(a1-2)]Rha(a1-3)Rha(a1-3)Gal(a1-3)GlcNAc,O10,1010798
[D-FucNBut(a1-2)]Rha(a1-3)Rha(a1-3)Gal(a1-3)GlcNAc(b1-3)Rha,O10,1010798
[D-FucNAc(a1-2)]Rha(a1-3)Rha(a1-3)Gal(a1-3)GlcNAc(b1-3)Rha,O10,1010798
GlcNAc(a1-2)Glc(a1-2)Glc(a1-3)[Gal(a1-6)]Glc(a1-3)[LDManHepOPPEtn(a1-7)]LDManHepOPPEtn(a1-3)[LDManHepOPPEtn(a1-7)]LDManHepOPEtn,O100,562
GlcNAc(a1-2)Glc(a1-2)Glc(a1-3)[Gal(a1-6)]Glc(a1-3)[LDManHepOPPEtn(a1-7)]LDManHepOPPEtn(a1-3)[LDManHepOPPEtn(a1-7)]LDManHepOPPEtn(a1-4)Kdo,O100,562
GlcNAc(a1-2)Glc(a1-2)Glc(a1-3)[Gal(a1-6)]Glc(a1-3)[LDManHepOPPEtn(a1-7)]LDManHepOPPEtn(a1-3)[LDManHepOPPEtn(a1-7)]LDManHepOPPEtn(a1-5)Kdo,O100,562
GlcNAc(a1-2)Glc(a1-2)Glc(a1-3)[Gal(a1-6)]Glc,O100,562
RhaOPGro(a1-3)Rha(a1-3)Gal(a1-3)GlcNAc(b1-2)RhaOPGro,O100/G1058,562
GlcNAc(a1-4)GalNAc(a1-6)GlcNAc,O101,2067428
GalNAc(b1-4)GalNAc(a1-4)GalNAc,O101,2067428
Glc(b1-2)D-FucNBut(b1-6)GlcNAc(a1-4)GalNAc(a1-3)GlcNAc(b1-2)Glc,O103,1055536
Glc(b1-2)D-FucNBut(b1-6)GlcNAc(a1-4)GalNAc(a1-3)GlcNAc(b1-2)Glc,O103:H2,562
Gal(a1-4)NeuNAc(a2-3)Gal(b1-3)GalNAc(b1-4)Gal,O104,562
Gal(a1-4)NeuNAcOAc(a2-3)Gal(b1-3)GalNAc(b1-4)Gal,O104,562
Gal(b1-3)GalNAc(b1-4)Gal(a1-4)NeuNAcOAc(a2-3)Gal,O104,562
Gal(b1-3)GalNAc(b1-4)[GlcNAc(a1-2)]Glc(a1-2)Glc(a1-3)[Gal(a1-6)]Glc,O104,562
NeuNAcOAc(a2-3)Gal(b1-3)GalNAc,O104,562
Gal(a1-4)NeuNAcOAc(a2-3)Gal(b1-3)GalNAc,O104,562
NeuNAc(a2-3)Gal(b1-3)GalNAcOP,O104,562
Gal(a1-4)NeuNAc(a2-3)Gal(b1-3)GalNAcOP,O104,562
GlcOAcA(a1-2)[Ribf(b1-3)]RhaOAc(a1-3)Rha(b1-4)Rha(b1-3)GlcNAcOAc(b1-4)GlcOAcA,O105,562
[Ribf(b1-4)GlcA(a1-2)]Rha(a1-3)Rha(b1-4)Rha(a1-3)GlcNAc(b1-3)Rha,O105/G2806,562
Man(a1-2)Man(a1-2)[Glc(a1-4)]Man(b1-3)GlcNAc(a1-6)Man,O106,2234096
Man(a1-2)Man(a1-2)[Glc(a1-4)]Man(b1-3)[Glc(a1-6)]GlcNAc(a1-6)Man,O106,2234096
GalNAc(b1-3)Rha(a1-4)GlcNAc(a1-4)Gal(b1-3)GalNAc(a1-4)GalNAc,O107,562
[GlcA(b1-2)]Rha(a1-2)Rha(a1-3)RhaOAc(a1-3)Rha,O107,562
GalNAc(b1-3)Rha(a1-4)GlcNAc(a1-4)Gal(b1-3)GalNAc(a1-4)GalNAc,O107/H705,562
FucNAc(a1-3)GlcNAc(a1-4)8eLegNAcNAcGro,O108,562
8eLegNAcNAc(a2-6)Gal(a1-3)FucNAc(a1-3)GlcNAc(a1-4)8eLegNAcNAc,O108,562
[RhaNAcOAc(b1-3)]Glc(a1-3)6dTalOAc(a1-3)GlcNAc(b1-4)Glc,O109,562
GlcA(b1-4)GlcNAc(a1-4)GlcA,O10:K5:H4,562
[Fuc(a1-3)]GalNAc(a1-6)Man(a1-3)Fuc(a1-3)GalNAc(b1-4)GalNAc,O11,1095705
Fuc(a1-3)GalNAc(a1-6)Man(a1-3)Fuc(a1-3)GalNAc,O11,1095705
Rha(a1-3)QuiNAc(b1-3)Rha,O11/G1207,562
[Fuc(a1-3)]GalNAc(a1-6)Man(a1-3)Fuc(a1-3)GalNAc(b1-4)GalNAc,O11/G1207,562
Fuc(a1-3)GalNAc(b1-4)GalNAcGro,O11/G1207,562
RhaOAc(a1-3)QuiNAc(b1-3)RhaOAc,O11/G1207,562
GlcAThr(a1-4)Gal(a1-3)Gal(a1-3)GlcNAc(b1-4)GlcAThr,O110,562
[Col(a1-3)][Col(a1-6)]Glc(a1-4)Gal(a1-3)GlcNAc(b1-4)Glc,O111,1055535
[Col(a1-3)][Col(a1-6)]Glc(a1-4)Gal(a1-3)GlcNAc(a1-4)Glc,O111,1055535
Glc(a1-2)Glc(a1-2)[GlcNAc(a1-3)]Gal(a1-3)Glc,O111,1055535
Col(a1-3)[Col(a1-6)]Glc(a1-4)Gal(a1-3)GlcNAc,O111,1055535
[Col(a1-3)][Col(a1-6)]Glc(a1-4)Gal(a1-3)GlcNAc(b1-4)Glc,O111:B4,1055535
Glc(a1-2)Glc(a1-2)[GlcNAc(a1-3)]Gal(a1-3)Glc(a1-3)[GlcN(a1-7)LDManHep(a1-7)]LDManHepOP(a1-3)LDManHepOPPEtn(a1-5)[Kdo(a2-4)KdoOPEtn(a2-4)]Kdo,O111:B4,1055535
Glc(a1-2)Glc(a1-2)[GlcNAc(a1-3)]Gal(a1-3)Glc(a1-3)[GlcN(a1-7)LDManHep(a1-7)]LDManHepOP(a1-3)LDManHepOPPEtn(a1-5)[Kdo(a2-4)]Kdo,O111:B4,1055535
[GlcNAc(b1-3)]GalNAc(a1-4)Glc(a1-4)IdoA(a1-3)GalNAc(b1-4)GalNAc,O112ab,562
[GlcNAcOAcOPyr(b1-3)]GalNAc(a1-4)Glc(a1-4)Gal(b1-3)GalNAc(b1-4)GalNAc,O112ac,562
[Gal(b1-3)]GalNAc(a1-4)GalA(a1-3)Gal(a1-3)GlcNAc(b1-4)GalNAc,O113,1162729
Gal(b1-3)GalNAc(a1-4)GalA(a1-3)Gal(a1-3)GlcNAc,O113,1162729
Gal(a1-2)Gal(a1-2)[Glc(b1-3)]Glc(a1-3)Glc,O113:H21,562
Glc(a1-2)Glc(a1-2)[GlcNAc(a1-3)]Gal(a1-3)Glc,O113:H4,562
QuiNSerAc(b1-3)Ribf(b1-4)Gal(b1-3)GlcNAc(a1-4)QuiNSerAc,O114,562
[Rha(b1-4)]GlcNAc(b1-4)GalA(a1-3)Man(a1-3)GlcNAc(b1-3)GlcNAc,O115,562
[RhaOAc(b1-4)]GlcNAc(b1-4)GalOAcA(a1-3)Man(a1-3)GlcNAc(b1-3)GlcNAc,O115,562
Rha(b1-4)GlcNAc(b1-4)GalA,O115,562
QuiNAc(b1-6)GlcNAc(a1-4)GalNAc(a1-4)GalA(a1-3)GlcNAc(b1-2)QuiNAc,O116,562
QuiNAc(b1-6)GlcNAc(a1-4)GalNAc(a1-4)GalA(a1-3)GlcNAc(b1-2)QuiNAc,O116:K+:H10,562
GlcNAc(a1-4)GalNAc(b1-4)GalA(a1-3)GlcNAc,O116:K+:H10,562
GalNAc(b1-3)Rha(a1-4)Glc(a1-4)Gal(b1-3)GalNAc(a1-4)GalNAc,O117,562
GalNAc(b1-3)Rha(a1-4)Glc(a1-4)Gal(b1-3)GalNAc(a1-4)GalNAc,O117/W30,562
GalNAc(b1-3)Rha(a1-4)Glc(a1-4)Gal(b1-3)GalNAc(a1-4)GalNAc,O117:K98:H4,562
RibOP-ol(5-6)Gal(a1-3)FucNAm(a1-3)GlcNAc(b1-3)RibOP-ol,O118,562
RibOP-ol(5-6)Gal(a1-3)FucNAm(a1-3)GlcNAc(b1-3)RibOP-ol,O118/G1696,562
RibOP-ol(5-6)Gal(a1-3)FucNAm(a1-3)GlcNAc(b1-3)RibOP-ol,O118:H16/NRCC6613,562
Gal(a1-3)FucNAm(a1-3)GlcNAc(b1-3)Rib-ol,O118:H16/NRCC6613,562
RibOP-ol(5-6)Gal(a1-3)FucNAc(a1-3)GlcNAc(b1-3)RibOP-ol,O118:H16/NRCC6613,562
Gal(a1-3)FucNAc(a1-3)GlcNAc(b1-3)Rib-ol,O118:H16/NRCC6613,562
[RhaNAcNFo(b1-3)]Man(b1-3)Gal(a1-4)Rha(a1-3)GlcNAc(a1-2)Man,O119,1450174
GlcA(b1-4)GlcNAc(a1-4)GlcA,O12/G1280,562
Glc(b1-6)GlcNAc(a1-3)FucNAc(a1-3)GlcNAc(b1-2)Glc,O12/G1280,562
[Rha(a1-4)]GlcA(a1-2)Rha(a1-2)Rha(a1-2)Gal(a1-3)GalNAc(b1-3)GlcA,O120,562
Rha(a1-4)GlcA(a1-2)Rha(a1-2)Rha(a1-2)Gal,O120,562
[Rha(a1-4)]GlcA(a1-2)Rha(a1-2)Rha(a1-2)Gal(a1-3)GalNAc(b1-3)GlcA,O120/G3197,562
QuiNGlyAc(b1-4)GalNAcOAcAN(a1-4)GalNAcA(a1-3)GlcNAc(a1-3)QuiNGlyAc,O121,1055537
QuiNGlyAc(b1-4)GalNAcOAcA(a1-4)GalNAcA(a1-3)GlcNAc(a1-3)QuiNGlyAc,O121/wbqG-mutant,1055537
QuiNAlaBut(b1-6)GlcNAc(a1-3)L-QuiNAc(a1-3)GlcNAcOAc(a1-3)QuiNAlaBut,O123,562
QuiN(b1-6)GlcN(a1-3)L-QuiN(a1-3)GlcN(a1-3)QuiN,O123,562
L-QuiNAc(a1-3)GlcNAc(a1-3)QuiNAlaButGro,O123,562
[GlcOLac(b1-6)Glc(a1-4)]Gal(b1-6)Galf(b1-3)GalNAc(b1-3)Gal,O124,562
[Glc(b1-6)Glc(a1-4)]Gal(b1-6)Galf(b1-3)GalNAc(b1-3)Gal,O124,562
[Gal(b1-3)]GalNAc(b1-2)[Glc(a1-3)]Man(a1-3)Fuc(a1-3)GalNAc(a1-4)GalNAc,O125,562
[Gal(b1-3)]GalNAc(b1-2)[Glc(a1-3)]Man(a1-3)Fuc(a1-3)GalNAc(a1-4)GalNAc,O125:K-:H19,562
GalNAc(b1-2)Man(a1-3)Fuc(a1-3)GalNAc(a1-4)GalNAc,O125:K-:H19,562
Man(b1-3)[Fuc(a1-2)]Gal(b1-3)GlcNAc(a1-3)GlcNAc(b1-2)Man,O126,562
Man(b1-3)[Fuc(a1-2)]Gal(b1-3)GlcNAc(a1-2)Man,O126,562
Gal(a1-3)GlcNAc(b1-2)Man,O126,562
Fuc(b1-2)Gal(a1-3)GlcNAc,O126,562
"Fuc(b1-2)[Man(b1-3)]Gal(a1-3)2,5-Anhydro-Man-ol",O126,562
Man(b1-3)[Fuc(b1-2)]Gal(a1-3)GlcNAc(b1-2)Man,O126/21750,562
Fuc(a1-2)Gal(b1-3)GalNAc(a1-3)GalNAc(a1-2)Fuc,O127,562
Fuc(a1-2)[Gal(a1-3)]Gal(b1-3)GalNAc(a1-3)GalNAc(a1-2)Fuc,O127,562
FucOAc(a1-2)Gal(b1-3)GalNAc(a1-3)GalNAc(a1-2)FucOAc,O127,562
NeuNAcOAc(a2-3)Gal(b1-3)GalNAc,O127,562
Fuc(a1-2)Gal(b1-3)GalNAc(a1-3)GalNAc(a1-2)Fuc,O127:B8,562
GlcNAc(a1-2)Glc(a1-2)Glc(a1-3)[Gal(a1-6)]Glc(a1-3)[LDManHep(a1-7)]LDManHepOP(a1-3)LDManHepOPPEtn(a1-5)[Kdo(a2-4)]Kdo,O127:B8,562
Fuc(a1-2)Gal(b1-3)GalNAc(a1-3)GalNAc(a1-2)Fuc,O127:K63/B8,562
Fuc(a1-2)Gal(b1-3)GalNAcOMe,O127:K63/B8,562
Fuc(a1-2)Gal(b1-3)GalNAc(a1-3)GalNAc(a1-2)Fuc,O127a,562
[Fuc(a1-2)]Gal(b1-3)GalNAc(b1-4)Gal(a1-3)GalNAc(b1-6)Gal,O128,562
Gal(a1-2)Gal(a1-2)[Glc(b1-3)]Glc(a1-3)Glc,O128,562
GalNAc(b1-6)[Fuc(a1-2)]GalOMe,O128,562
Fuc(a1-2)Gal(b1-3)GalNAc(b1-4)Gal(a1-3)GalNAc,O128,562
[Fuc(a1-2)]Gal(b1-3)GalNAc(b1-4)Gal(a1-3)GalNAc(b1-6)Gal,O128:B12,562
Fuc(a1-2)Gal(a1-4)Glc,O128:B12,562
[Fuc(a1-2)]Gal(b1-3)GalNAc(b1-4)Gal(a1-3)GalNAc(b1-6)Gal,O128ab,562
RhaOAc(a1-2)[Glc(a1-3)]Rha(a1-3)Rha(a1-3)GlcNAc(b1-2)RhaOAc,O129,562
Rha(a1-3)Rha(a1-3)[Glc(a1-2)]Rha(a1-3)GlcNAcOAc(b1-2)Rha,O13,562
Glc(a1-2)Rha(a1-3)GlcNAc(b1-2)Rha(a1-2)Rha,O13,562
Rha(a1-2)[Glc(a1-2)]Rha(a1-3)Rha(a1-3)GlcNAc(b1-2)Rha,O13,562
Rha(a1-2)Rha(a1-3)[Glc(a1-2)]Rha(a1-3)GlcNAcOAc(b1-2)Rha,O13,562
Rha(a1-2)Rha(a1-3)[Glc(a1-2)]Rha(a1-3)GlcNAcOAc(b1-2)Rha,O13/G1237,562
Rha(a1-2)Rha(a1-3)[Glc(a1-2)]Rha(a1-3)GlcNAc(b1-2)Rha,O13/G1237,562
[GalNAc(b1-3)]Gal(a1-6)Glc(b1-3)GalNAc(b1-4)Gal,O130,562
[GalNAcOPGro(b1-3)]Gal(a1-6)Glc(b1-3)GalNAc(b1-4)Gal,O130,562
[GalNAcOPGro(b1-4)]Gal(a1-6)Glc(b1-3)GalNAc(b1-3)Gal,O130,562
Gal(b1-6)Gal(b1-3)GalNAc(b1-8)NeuNAc,O131/F8188-41,562
NeuNAc(a2-6)Gal(b1-6)Gal(b1-3)GalNAc(b1-8)NeuNAc,O131/F8188-41,562
Galf(a1-3)Rha(a1-4)Glc(a1-2)Rha(a1-3)GlcNAc(b1-2)Galf,O132/CCUG11432,562
Galf(a1-3)RhaOAc(a1-4)Glc(a1-2)Rha(a1-3)GlcNAc(b1-2)Galf,O132/CCUG11432,562
Rha(a1-2)Rha(a1-2)Rha(a1-4)[Glc(a1-3)]GalA(a1-3)GlcNAc(a1-3)Rha,O133/G1272,562
GlcAThr(b1-6)Gal(b1-6)Glc(b1-3)GalNAc(b1-4)GlcAThr,O134:K-:H35/CCUG11434,562
Rha(a1-2)Rha(a1-3)RhaOAc(a1-3)[Glc(a1-6)]GlcNAc(b1-2)Rha,O135,562
Rha(a1-2)Rha(a1-3)RhaOAc(a1-3)[Glc(a1-6)]GlcNAc(b1-2)Rha,O135/G1239,562
PseNAcNAc(b2-4)Gal(b1-4)GlcNAc(b1-4)PseNAcNAc,O136,562
[Glc(b1-4)]GlcNAc(a1-4)GlcA(b1-4)GlcNAc(b1-6)GlcNAc,O137/G2810,562
Rha(a1-3)Rha(a1-4)GalNAcA(a1-3)GlcNAc(b1-2)Rha,O138,562
Rha(a1-3)Rha(a1-4)GalNAcA(a1-3)GlcNAc(b1-2)Rha,O138/CCUG11438,562
Rha(a1-4)GalA(a1-2)[Glc(b1-3)]Rha(a1-3)Rha(a1-2)Rha(a1-3)GlcNAc(a1-3)Rha,O139,562
Glc(b1-3)Rha(a1-3)Rha(a1-2)Rha(a1-3)GlcNAc(a1-3)Rha(a1-4)GalA,O139,562
Gal(a1-2)Gal(a1-2)[Gal(b1-4)]Glc(a1-3)Glc,O14,562
[Galf(a1-2)Rha(a1-4)]Gal(b1-4)Glc(a1-4)GlcA(b1-3)GalNAc(b1-3)Gal,O140,562
[GlcA(b1-2)][Rha(a1-3)]Man(a1-3)ManOAc(a1-3)GlcNAc(b1-4)Man,O141,562
Rha(a1-6)GalNAc(a1-4)[GlcNAc(b1-3)]GalNAc(a1-3)GalNAc(a1-2)Rha,O142,562
GlcNAc(b1-3)[GalNAc(a1-4)]GalNAc(a1-3)GalNAc(a1-2)Rha,O142,562
GalOAcAGroN(b1-3)GalNAc(a1-4)GlcA(b1-3)GlcNAc(b1-2)GalOAcAGroN,O143,562
GalAGroN(b1-3)GalNAc(a1-4)GlcA(b1-3)GlcNAc(b1-2)GalAGroN,O143,562
GalNAc(a1-4)GlcA(b1-3)GlcNAc(b1-2)GalA(b1-3)GalNAc,O143,562
GalNAc(a1-4)GlcA(b1-3)GlcNAc(b1-2)GalA,O143,562
NeuNAc(a2-3)FucNAm(a1-3)GlcNAc(b1-4)NeuNAc,O145,1055538
Gal(a1-2)Ribf(b1-4)Gal,O145,1055538
[GlcOLac(a1-3)]Rha(a1-2)Rha(a1-4)GalOAc(b1-3)GalNAc(b1-2)Rha,O146/G2398,2079155
[GlcOLac(a1-3)]Rha(a1-2)Rha(a1-4)Gal(b1-3)GalNAc(b1-2)Rha,O146/G2398,2079155
GlcNAc(b1-2)[GlcOLac(a1-3)]Rha,O146/G2398,2079155
Rha(a1-2)Rha(a1-4)GalA(b1-3)GalNAc(b1-2)Rha,O147,562
RhaOAc(a1-2)Rha(a1-4)GalA(b1-3)GalNAc(b1-2)RhaOAc,O147,562
Rha(a1-3)Rha(a1-2)Glc(a1-3)GlcNAc(a1-3)Rha,O148,562
Rha(a1-3)Rha(a1-2)Glc(a1-3)GlcNAc(a1-6)Gal(b1-4)[Gal(a1-2)Gal(a1-2)]Glc(a1-3)Glc(a1-3)[LDManHep(a1-7)]LDManHepOP(a1-3)LDManHep(a1-5)Kdo,O148,562
Rha(a1-2)Glc(a1-3)GlcNAc(a1-3)Rha,O148,562
GlcNAc(a1-3)Rha(a1-3)Rha(a1-2)Glc(a1-3)GlcNAc(a1-3)Rha,O148,562
Glc(a1-3)GlcNAc(a1-3)Rha(a1-3)Rha(a1-2)Glc(a1-3)GlcNAc(a1-3)Rha,O148,562
Rha(a1-3)Glc(a1-3)GlcNAc(a1-3)Rha(a1-3)Rha(a1-2)Glc(a1-3)GlcNAc(a1-3)Rha,O148,562
GlcNAc(a1-3)Rha(a1-3)Rha(a1-2)Glc(a1-3)GlcNAc(a1-3)Rha(a1-3)Rha(a1-2)Glc(a1-3)GlcNAc(a1-3)Rha,O148,562
Glc(a1-3)GlcNAc(a1-3)Rha(a1-3)Rha(a1-2)Glc(a1-3)GlcNAc(a1-3)Rha(a1-3)Rha(a1-2)Glc(a1-3)GlcNAc(a1-3)Rha,O148,562
Rha(a1-2)Glc(a1-3)GlcNAc(a1-3)Rha(a1-3)Rha(a1-2)Glc(a1-3)GlcNAc(a1-3)Rha(a1-3)Rha(a1-2)Glc(a1-3)GlcNAc(a1-3)Rha,O148,562
GlcNAcOPyr(b1-3)Rha(b1-4)GlcNAc(b1-3)GlcNAcOPyr,O149,562
Gal(b1-3)FucNAc(a1-3)GlcNAc(b1-2)Gal,O15,562
GlcNAc(b1-2)Gal(b1-3)FucNAc(a1-3)GlcNAc,O15,562
Rha(a1-3)GlcNAc(b1-3)GlcNAcOLacGro,O150,2067427
GlcNAcOLac(b1-2)Rha(a1-2)Rha(a1-3)[Glc(b1-2)]Rha(a1-3)GlcNAc(b1-3)GlcNAcOLac,O150,2067427
GlcNAcOLac(b1-2)Rha(a1-2)Rha(a1-3)[Glc(a1-2)]Rha(a1-3)GlcNAc(b1-3)GlcNAcOLac,O150,2067427
RibOP-ol(5-6)Gal(a1-3)FucNAm(a1-3)[Glc(b1-4)]GlcNAc(b1-2)RibOP-ol,O151,562
RibOP-ol(5-6)Gal(a1-3)FucNAm(a1-3)[GlcNAc(b1-4)]GlcNAc(b1-2)RibOP-ol,O151/G1267,562
[Rha(b1-4)]GlcNAcOP(a1-6)Glc(a1-2)Glc(b1-3)GlcNAc(b1-3)GlcNAcOP,O152,562
Ribf(b1-4)Gal(b1-4)GlcNAc(a1-4)Gal(b1-3)GlcNAc(a1-2)Ribf,O153,562
[ManNAc(a1-3)]Rha(a1-3)Rha(a1-3)Rha(a1-3)GalNAc(a1-2)Rha,O154,562
ManNAc(a1-3)Rha(a1-3)Rha(a1-3)Rha(a1-3)GalNAc,O154,562
ManNAc(a1-3)Rha(a1-3)Rha(a1-3)Rha(a1-3)GalNAcOP,O154,562
[GalA(b1-4)]Gal(a1-3)[Gal(a1-6)]Gal(b1-3)GalNAc(b1-3)Gal,O155/CCUG36524,562
[GalOPyr(a1-3)]Fuc(a1-6)Gal(a1-3)Fuc(a1-3)GlcNAc(b1-4)Fuc,O156,562
[Gal(a1-3)]Fuc(a1-6)Gal(a1-3)Fuc(a1-3)GlcNAc(b1-4)Fuc,O156,562
D-RhaNAc(a1-3)Fuc(a1-4)Glc(b1-3)GalNAc(a1-2)D-RhaNAc,O157,1045010
D-RhaNAc(a1-3)Fuc(a1-4)Glc(b1-3)GalNAc(a1-3)D-RhaNAc,O157,1045010
Glc(b1-3)GalNAc(a1-2)D-RhaNAc(a1-3)Fuc(a1-3)Glc,O157,1045010
D-RhaNAc(a1-2)D-RhaNAc(a1-2)D-RhaNAc(a1-2)D-RhaNAc(a1-3)D-RhaNAc(a1-3)D-RhaNAc,O157,1045010
D-RhaNAc(a1-2)D-RhaNAc(a1-2)D-RhaNAc(a1-3)D-RhaNAc(a1-2)D-RhaNAc(a1-3)D-RhaNAc,O157,1045010
D-RhaNAc(a1-3)D-RhaNAc(a1-3)D-RhaNAc(a1-3)D-RhaNAc(a1-2)D-RhaNAc(a1-2)D-RhaNAc,O157,1045010
D-RhaNAc(a1-3)D-RhaNAc(a1-3)D-RhaNAc(a1-2)D-RhaNAc(a1-3)D-RhaNAc(a1-2)D-RhaNAc,O157,1045010
D-RhaNAc(a1-3)Fuc(a1-4)Glc(b1-3)GalNAc,O157,1045010
[Col(a1-2)Gal(b1-3)]GlcNAc(b1-3)Gal(a1-3)GalNAc(b1-6)GlcNAc,O157,1045010
D-RhaNAc(a1-3)Fuc(a1-3)Glc(b1-3)GalNAc(a1-2)D-RhaNAc,O157,1045010
D-FucNAc(a1-4)ManNAcA(b1-4)GlcNAc(a1-3)D-FucNAc,O157:H-,562
GlcNAc(a1-2)Glc(a1-2)Glc(a1-3)[Gal(a1-6)]Glc,O157:H12,562
GlcNAc(a1-2)Glc(a1-2)Glc(a1-3)[Gal(a1-6)]Glc,O157:H16,562
D-RhaNAc(a1-3)Fuc(a1-4)Glc(b1-3)GalNAc(a1-2)D-RhaNAc,O157:H7,562
Glc(b1-3)GalNAc(a1-2)D-RhaNAc(a1-3)Fuc(a1-4)Glc,O157:H7,562
D-RhaN(a1-3)Fuc(a1-4)Glc(b1-3)GalN(b1-4)[Glc(a1-2)]Glc(a1-2)[GlcN(a1-3)]Gal(a1-3)Glc(a1-3)[LDManHep(a1-7)]LDManHepOP(a1-3)LDManHepOP(a1-5)[Kdo(a2-4)]Kdo(a2-6)GlcOPN(b1-6)GlcOPN,O157:H7,562
Glc(a1-2)Glc(a1-2)[GlcN(a1-3)]Gal(a1-3)Glc(a1-3)[LDManHep(a1-7)]LDManHepOP(a1-3)LDManHepOP(a1-5)[Kdo(a2-4)]Kdo(a2-6)GlcOPN(b1-6)GlcOPN,O157:H7,562
D-RhaN(a1-3)Fuc(a1-4)Glc(b1-3)GalN(b1-4)[Glc(a1-2)]Glc(a1-2)[GlcN(a1-3)]Gal(a1-3)Glc(a1-3)[LDManHep(a1-7)]LDManHep(a1-3)LDManHepOP(a1-5)[Kdo(a2-4)]Kdo(a2-6)GlcOPN(b1-6)GlcOPN,O157:H7,562
D-RhaN(a1-3)Fuc(a1-4)Glc(b1-3)GalN(b1-4)[Glc(a1-2)]Glc(a1-2)[GlcN(a1-3)]Gal(a1-3)Glc(a1-3)[GlcN(a1-7)LDManHep(a1-7)]LDManHep(a1-3)LDManHepOP(a1-5)[Kdo(a2-4)]Kdo(a2-6)GlcOPN(b1-6)GlcOPN,O157:H7,562
D-RhaNAc(a1-3)Fuc(a1-4)Glc(b1-3)GalNAc(b1-4)[Glc(a1-2)]Glc(a1-2)[GlcNAc(a1-3)]Gal(a1-3)Glc(a1-3)[LDManHep(a1-7)]LDManHepOP(a1-3)LDManHepOP(a1-5)Kdo,O157:H7,562
Glc(b1-3)D-RhaNAc(a1-4)GalNAc(a1-3)Fuc(a1-4)Glc,O157:H7,562
GalNAc(a1-2)D-RhaNAc(a1-3)Fuc(a1-4)Glc(b1-3)GalNAc,O157:H7,562
GlcNAc(a1-7)LDManHep(a1-7)LDManHepOP(a1-3)LDManHepOPPEtn(a1-5)[KdoOPEtn(a2-4)]Kdo,O157:H7,562
LDManHep(a1-3)LDManHepOPPEtn(a1-5)Kdo,O157:H7,562
LDManHep(a1-3)LDManHepOPPEtn(a1-5)[Kdo(a2-4)]Kdo(a2-6)GlcOPN(b1-6)GlcOPN,O157:H7,562
D-RhaNAc(a1-3)Fuc(a1-3)Glc(b1-3)GalNAc(a1-2)D-RhaNAc,O157:H7,562
Gal(a1-4)Gal(b1-4)Glc,O157:H7,562
GalNAc(a1-4)Gal(b1-4)Glc,O157:H7,562
[RhaOAc(a1-3)][Glc(b1-6)]ManNAc(b1-4)GalA(a1-3)GlcNAc(b1-4)ManNAc,O158,562
GalNAc(a1-3)GalNAc(b1-4)[Glc(a1-6)]Glc(a1-3)GalNAc,O158,562
GalNAc(a1-3)GalNAc(b1-4)Glc,O158,562
GalNAc(a1-3)GalNAc(b1-2)Ery-ol,O158,562
GlcNAc(b1-4)ManNAc(b1-3)Thre-onic,O158,562
[Rha(a1-3)][Glc(b1-6)]ManNAc(b1-4)GalA(a1-3)GlcNAc(b1-4)ManNAc,O158,562
[Fuc(a1-4)]GlcNAc(b1-4)GalA(a1-3)Fuc(a1-3)GlcNAc(b1-3)GlcNAc,O159,562
[Fuc(a1-4)]GlcNAc(b1-4)GalA(b1-3)Fuc(a1-3)GlcNAc(b1-3)GlcNAc,O159,562
GalA(a1-3)Fuc(a1-3)GlcNAc(b1-3)[Fuc(a1-4)]GlcNAc(b1-4)GalA,O159:K-:H20,562
Galf(b1-6)Glc(a1-3)RhaOAc(a1-3)[Glc(a1-6)]GlcNAc(a1-2)Galf,O16,1010799
Galf(b1-6)Glc(a1-3)RhaOAc(a1-3)GlcNAc(a1-2)Galf,O16,1010799
Galf(b1-6)Glc(a1-3)Rha(a1-3)GlcNAc(a1-2)Galf,O16,1010799
Galf(b1-6)Glc(a1-3)Rha(a1-3)GlcNAc,O16,1010799
[Glc(b1-6)]GlcNAc(b1-3)GalOP(a1-6)Gal(b1-3)GalNAc(b1-4)GlcNAc,O160,562
GalOP(b1-3)GalNAc(b1-4)[Glc(b1-6)]GlcNAc(b1-3)Gal,O160,562
LegNAcAla(a2-4)GlcA(b1-3)GlcNAc(b1-8)LegNAcAla,O161,562
GlcA(b1-3)GlcNAc(b1-8)LegNAcAla,O161,562
GlcNAc(a1-4)GalNAc(a1-6)GlcNAc,O162,562
GalNAc(b1-4)GalNAc(a1-4)GalNAc,O162,562
[4dAraHex(b1-3)]GlcNAc(a1-4)GalNAc(a1-6)GlcNAc,O162,562
[4dAraHex(b1-3)]GalNAc(b1-4)GalNAc(a1-4)GalNAc,O162,562
Man(b1-4)GlcA(b1-3)L-QuiNAc(a1-3)GlcNAc(a1-2)Man,O163,562
L-QuiNAc(a1-3)GlcNAc(a1-2)Man(b1-4)GlcA,O163,562
[Glc(b1-6)Glc(a1-4)]Gal(b1-6)Galf(b1-3)GalNAc(b1-3)Gal,O164,562
[GlcOLac(b1-6)Glc(a1-4)]Gal(b1-6)Galf(b1-3)GalNAc(b1-3)Gal,O164,562
[Glc(b1-6)Glc(a1-4)]Gal(b1-6)Galf(b1-3)GalNAc(b1-3)Gal,O164:K?:H-/CCUG36532,562
PseNAcNBut(a2-6)Gal(b1-4)Glc(b1-3)GlcNAc(a1-8)PseNAcNBut,O165,562
Gal(b1-4)Glc(b1-3)GlcNAc(a1-8)PseNAcNBut,O165,562
Gal(a1-6)Gal(a1-4)[Glc(b1-3)]GalNAc(a1-3)GalNAc(b1-3)Gal,O166,562
[Galf(a1-4)]GalAAla(b1-3)GlcNAc(a1-2)Galf(b1-5)Galf(b1-3)GlcNAc(b1-2)GalAAla,O167,562
GlcNAc(b1-2)GalAAla(b1-3)GlcNAc(a1-2)Gal-ol,O167,562
GlcNAc(b1-2)GalAAla(b1-3)GlcNAc(a1-2)Araf(a1-2)Thre-ol,O167,562
GlcNAc(b1-2)L-4dThrHexA4enAla(a1-3)GlcNAc(a1-2)Galf(b1-5)Galf(b1-3)GlcNAc,O167,562
[Fuc(a1-3)]GlcNAc(a1-4)GlcA(a1-3)Fuc(a1-3)GlcNAc(b1-4)GlcNAc,O168,562
Fuc(a1-3)GlcNAc(b1-4)GlcNAc(b1-3)Ery-onic,O168,562
[Fuc(a1-3)]GlcNAcOAc(a1-4)GlcA(a1-3)Fuc(a1-3)GlcNAc(b1-4)GlcNAcOAc,O168,562
[FucOAc(a1-3)]GlcNAcOAc(a1-4)GlcA(a1-3)Fuc(a1-3)GlcNAc(b1-4)GlcNAcOAc,O168,562
Fuc(a1-3)GlcNAc(a1-4)GlcA(a1-3)Fuc(a1-3)GlcNAc,O168,562
[GlcA(b1-4)][Glc(b1-6)]Gal(a1-6)Man(a1-2)Man(a1-3)GalNAc(b1-3)Gal,O169,562
[GlcA(b1-4)][Glc(b1-6)]Gal(a1-6)Man(a1-2)Man(a1-3)GalNAc(b1-3)Gal,O169:H8:K-,562
Glc(a1-3)RhaOAc(a1-3)GlcNAc(a1-2)Galf(b1-6)Glc,O16:K1,562
Man(a1-2)Man(a1-2)Man(b1-3)[Glc(a1-6)]GlcNAc(a1-6)Man,O17,1010800
[Glc(a1-4)]Gal(a1-3)GlcNAc(b1-3)[RhaNAc(b1-4)]GlcNAc(b1-3)Gal,O17-2,562
[Galf(b1-3)]GlcNAc(b1-4)GlcA(b1-3)Galf(b1-3)GlcNAc(b1-4)GlcNAc,O170,562
GlcNAc(b1-4)GlcNAc(b1-4)GlcA(b1-3)Galf(b1-3)GlcNAc,O170,562
GlcNAc(b1-4)GlcNAc(b1-4)GlcA(b1-3)Gal,O170,562
NeuNAc(a2-6)Gal(b1-6)Glc(b1-3)Gal(b1-3)GalNAc,O171,562
NeuNAcOAc(a2-6)Gal(b1-6)Glc(b1-3)Gal(b1-3)GalNAc(b1-4)NeuNAcOAc,O171/CCUG36539,562
FucNAc(a1-4)GlcOAcOP(a1-4)Glc(a1-3)FucNAc(a1-3)GlcNAc(a1-3)FucNAc,O172,562
Glc(a1-3)FucNAc(a1-3)GlcNAc(a1-3)FucNAc(a1-4)Glc,O172,562
[Fuc(a1-4)]GlcOP(a1-6)Glc(a1-2)Glc(b1-3)GlcNAc(b1-3)GlcOP,O173,562
Glc(a1-2)Glc(b1-3)GlcNAc(b1-3)Glc,O173,562
[GlcNAc(b1-2)]GlcA(b1-3)Gal(b1-3)GalNAc(b1-4)GlcA,O174,562
GlcNAc(b1-2)GlcA(b1-3)Gal(b1-3)GalNAc,O174,562
[GlcNAc(b1-2)]GlcA(b1-3)Gal(b1-3)GalNAc(b1-4)GlcA,O174/2531-54,562
[GlcNAc(b1-2)]GlcA(b1-3)Gal(b1-3)GalNAc(b1-4)GlcA,O174:H27,562
[GlcNAc(b1-2)]GlcA(b1-3)Gal(b1-3)GalNAc(b1-4)GlcA,O174:H28/2188,562
Glc(a1-4)GlcA(a1-3)Man(a1-2)Man(a1-3)GalNAc(b1-2)Glc,O175,562
Man(a1-2)Man(a1-2)Man(b1-3)GalNAc(a1-4)Man,O176,562
GalNAc(a1-4)Man(a1-2)Man(a1-2)Man,O176,562
Rha(a1-3)FucNAc(a1-3)FucNAc(a1-3)GlcNAc(b1-2)Rha,O177,562
GlcNAc(a1-4)GalA(a1-2)Ribf(b1-4)Gal(b1-3)GalNAc(b1-4)GlcNAc,O178,562
Rha(a1-6)Glc(a1-4)[GlcNAc(b1-3)]Gal(a1-3)GlcNAc(a1-2)Rha,O18,1095706
ManNAcA(b1-2)Rha(a1-3)Rha(b1-4)GlcNAc(a1-4)ManNAcA,O180,562
ManNAcA(b1-2)Rha(a1-3)Rha(b1-4)GlcNAcOP,O180,562
Glc(a1-4)[GlcNAc(b1-3)]Gal(a1-3)[Glc(a1-6)]GlcNAc(a1-2)Rha(a1-6)Glc,O181,562
[L-QuiNAc(a1-3)]GalNAcOAc(a1-6)GlcOP(a1-4)L-QuiNAc(a1-3)GlcNAc(b1-4)GalNAcOAc,O181,562
[L-QuiNAc(a1-3)]GalNAc(a1-6)GlcOP(a1-4)L-QuiNAc(a1-3)GlcNAc(b1-4)GalNAc,O181,562
L-QuiNAc(a1-3)GlcNAc(b1-4)[L-QuiNAc(a1-3)]GalNAc(a1-6)Glc,O181,562
[RhaNAc(b1-3)]GlcNAc(b1-4)GlcA(b1-3)GlcNAc(b1-4)GlcNAc,O182,562
RhaNAc(b1-3)[GlcNAc(b1-4)]GlcNAc(b1-3)Thre-onic,O182,562
[Ribf(b1-4)GlcA(b1-4)]Gal(a1-6)Man(a1-2)Man(a1-3)GalNAc(b1-3)Gal,O183,562
[Ribf(b1-4)GlcA(b1-4)]Gal(a1-6)Man(a1-2)Man(a1-3)GalNAc(b1-3)Gal,O183/G5977,562
D-FucNBut(a1-3)ManOAc(a1-3)Fuc(a1-3)GalNAc(a1-2)D-FucNBut,O184,562
D-FucNBut(a1-3)Man(a1-3)Fuc(a1-3)GalNAc(a1-2)D-FucNBut,O184,562
GalNAc(b1-4)GlcA(b1-3)Ribf(b1-4)Gal(b1-3)GalNAc(a1-4)GalNAc,O185,562
GalNAc(a1-4)GalNAc(b1-3)Thre-onic,O185,562
QuiNButAla(b1-6)Glc(a1-3)L-QuiNAc(a1-3)GlcNAcOAc(a1-3)QuiNButAla,O186,562
QuiNButAla(b1-6)Glc(a1-3)L-QuiNAc(a1-3)GlcNAc(a1-3)QuiNButAla,O186,562
D-FucNAc(b1-3)GlcNAc(a1-4)GlcA(a1-3)Man(a1-2)Man(a1-3)GlcNAc(b1-2)D-FucNAc,O187,562
GlcNAc(b1-2)D-FucNAc(b1-3)GlcNAc(a1-3)Thre-onic,O187,562
[Rha(b1-4)]GlcNAc(a1-2)Glc(b1-3)Rha(a1-3)GlcNAc(b1-3)GlcNAc,O188/G5413,562
GlcA(b1-4)GlcNAc(a1-4)GlcA,O18:K5,562
Glc(a1-4)[GlcNAc(b1-3)]Gal(a1-3)GlcNAc(a1-2)Rha(a1-6)Glc,O18A,562
Glc(a1-4)[GlcNAc(b1-3)]Gal(a1-3)[Glc(a1-6)]GlcNAc(a1-2)Rha(a1-6)Glc,O18A1,562
Rha(a1-6)Glc(a1-4)[GlcNAc(b1-3)]Gal(a1-3)[Glc(a1-6)]GlcNAc(a1-2)Rha,O18A1,562
Rha(a1-6)Glc(a1-4)[GlcNAc(a1-3)]Gal(a1-3)[Glc(a1-6)]GlcNAc(a1-2)Rha,O18A1,562
Rha(a1-6)Glc(a1-4)[GlcNAc(b1-3)]Gal(a1-3)[Glc(a1-6)]GlcNAc(a1-2)Rha,O18A1/TD2158,1095706
Rha(a1-6)Glc(a1-4)[Glc(b1-3)]Gal(a1-3)[Glc(a1-6)]GlcNAc(a1-2)Rha,O18A2/TD2158,1095706
Glc(a1-4)[GlcNAc(b1-3)]Gal(a1-3)GlcNAc(a1-3)Rha(a1-6)Glc,O18B,1095706
Glc(a1-4)[Glc(b1-3)]Gal(a1-3)GlcNAc(a1-3)Rha(a1-6)Glc,O18B,1095706
Rha(1-6)Glc(a1-4)[Glc(b1-3)]Gal(a1-3)GlcNAc(a1-3)Rha,O18B,1095706
Glc(a1-4)[GlcNAc(b1-3)]Gal(a1-3)[Glc(a1-6)]GlcNAc(a1-3)Rha(a1-6)Glc,O18B1,1095706
Glc(a1-4)[Glc(b1-3)]Gal(a1-3)[Glc(a1-4)]GlcNAc(a1-3)Rha(a1-6)Glc,O18B1,1095706
Rha(1-6)Glc(a1-4)[Glc(b1-3)]Gal(a1-3)[Glc(a1-4)]GlcNAc(a1-3)Rha,O18B1,1095706
Glc(a1-4)[GlcNAc(b1-3)]Gal(a1-3)GlcNAc(a1-2)Rha(a1-6)Glc,O18ac,1095706
Rha(a1-4)[GlcNAc(b1-3)]Gal(a1-6)Glc(a1-3)GlcNAc(a1-2)Rha,O18ac,1095706
Rha(a1-6)Glc(a1-4)[GlcNAc(b1-3)]Gal(a1-3)GlcNAc(a1-2)Rha,O18ac,1095706
Rha(a1-2)Rha(a1-2)Rha(a1-2)Glc(a1-3)GlcNAcOAc(a1-2)Rha,O19ab,562
Rha(a1-2)Rha(a1-2)Rha(a1-2)Glc(a1-3)GlcNAc(a1-2)Rha,O19ab,562
Glc(a1-3)GlcNAc(a1-2)Rha(a1-2)Rha(a1-2)Rha,O19ab,562
[ManNAc(b1-2)]Rha(a1-3)Rha(a1-3)Rha(b1-4)GlcNAc(b1-3)Rha,O1A,562
GlcNAc(b1-3)[ManNAc(b1-2)]Rha(a1-3)Rha(a1-3)Rha(b1-4)GlcNAc,O1A,562
ManNAc(b1-2)Rha(a1-2)Rha(a1-3)Glc(a1-3)GlcNAc,O1A,562
ManNAc(b1-2)Rha(a1-2)Rha(a1-2)Gal(a1-3)GlcNAc,O1A,562
ManNAc(b1-2)Rha(a1-3)Rha(a1-3)Rha(b1-4)GlcNAcOP,O1A,562
Rha(a1-3)Rha(b1-4)GlcNAc(b1-3)[ManNAc(b1-2)]Rha(a1-3)Rha,O1A1,562
[ManNAc(b1-2)]Rha(a1-3)Rha(a1-3)Rha(b1-4)GlcNAc(b1-3)Rha,O1A1,562
GlcNAc(b1-3)[ManNAc(b1-2)]Rha(a1-2)Rha(a1-2)Gal(a1-3)GlcNAc,O1B,562
ManNAc(b1-2)Rha(a1-2)Rha(a1-3)Glc(a1-3)GlcNAc,O1B,562
ManNAc(b1-2)Rha(a1-2)Rha(a1-2)Gal(a1-3)GlcNAc,O1B,562
Rha(a1-2)Gal(a1-3)GlcNAc(b1-3)[ManNAc(b1-2)]Rha(a1-2)Rha,O1B,562
[ManNAc(b1-2)]Rha(a1-2)Rha(a1-2)Gal(a1-3)GlcNAc(b1-3)Rha,O1B,562
ManNAc(b1-2)Rha(a1-2)Rha(a1-2)Gal(a1-3)GlcNAcOP,O1B,562
GlcNAc(b1-3)[ManNAc(b1-2)]Rha(a1-2)Rha(a1-3)Gal(a1-3)GlcNAc,O1C,562
ManNAc(b1-2)Rha(a1-2)Rha(a1-3)Glc(a1-3)GlcNAc,O1C,562
ManNAc(b1-2)Rha(a1-2)Rha(a1-2)Gal(a1-3)GlcNAc,O1C,562
Rha(a1-3)Gal(a1-3)GlcNAc(b1-3)[ManNAc(b1-2)]Rha(a1-2)Rha,O1C,562
[ManNAc(b1-2)]Rha(a1-2)Rha(a1-3)Gal(a1-3)GlcNAc(b1-3)Rha,O1C,562
GlcNAc(b1-3)[D-FucNAc(a1-2)]Rha(a1-2)Rha(a1-3)Rha(b1-4)GlcNAc,O2,2067429
[D-FucNAc(a1-2)]Rha(a1-2)Rha(a1-3)Rha(b1-4)GlcNAc(b1-3)Rha,O2,2067429
D-FucNAc(a1-2)Rha(a1-2)Rha(a1-3)Rha(b1-4)GlcNAcOP,O2,2067429
[D-FucNAc(a1-2)]Rha(a1-2)Rha(a1-3)Rha(b1-4)GlcNAc(b1-3)Rha,O2/M-17,2067429
Gal(a1-2)Ribf(b1-4)Gal(a1-2)Rib,O20,562
Gal(a1-2)Ribf(b1-4)[Gal(a1-3)]Gal(a1-2)Rib,O20,562
Ribf(b1-4)Gal(a1-2)Ribf,O20ab,1010801
Ribf(b1-4)[Gal(a1-3)]Gal(a1-2)Ribf,O20ac,1010801
[Gal(b1-4)]Gal(b1-4)[GlcNAc(b1-2)]Glc(b1-3)GalNAc(b1-3)Gal,O21,562
Glc(a1-4)GlcA(b1-4)GalNAcOAc(b1-3)Gal(a1-3)GalNAc(b1-6)Glc,O22,562
[GlcNAc(b1-3)]Glc(a1-4)Gal(b1-3)GalNAc(a1-3)[GlcNAc(a1-6)]GlcNAc(b1-6)Glc,O23,1095708
Glc(a1-4)[GlcNAc(b1-3)]Gal(b1-3)GalNAc(a1-3)[Glc(a1-6)]GlcNAc(b1-6)Glc,O23,1095708
Gal(b1-3)GalNAc(a1-3)GlcNAcGro,O23,1095708
Glc(a1-4)[GlcNAc(b1-3)]Gal(b1-3)GalNAc(a1-3)[Glc(a1-6)]GlcNAc(b1-6)Glc,O23A,1095708
NeuNAc(a2-3)[Glc(a1-2)]Glc(b1-3)GalNAc(b1-7)NeuNAc,O24,562
Glc(b1-3)GalNAc(b1-7)NeuNAc,O24,562
GalNAc(b1-4)Gal(b1-4)[Neu(a2-3)]GalNAc(b1-3)Gal(b1-3)GalNAc-ol,O24,562
NeuNAc(a2-3)[Glc(a1-2)]Glc(b1-3)GalNAc(b1-7)NeuNAc,O24,562
FucNAc(a1-3)GlcNAc(b1-4)[Rha(a1-3)][Glc(b1-6)]Glc(a1-3)FucNAc,O25,1095709
[Rha(a1-3)][Glc(b1-6)]Glc(a1-3)FucNAc(a1-3)GlcNAc(b1-4)Glc,O25,1095709
[Rha(a1-3)][Glc(b1-6)]Glc(a1-3)FucNAc(a1-3)GlcNAc(b1-4)Glc,O25a,1095709
[Rha(a1-3)][Glc(b1-6)]Glc(a1-3)FucNAc(a1-3)GlcNAc(b1-4)Glc,O25b,1095709
[Rha(a1-3)][Glc(b1-6)]Glc(a1-3)FucNAc(a1-3)GlcNAc(b1-4)Glc,O25b:H4-ST131/EC958,941322
Rha(a1-4)FucNAc(a1-3)GlcNAc(b1-3)Rha,O26,404399
Rha(a1-4)FucNAc(a1-3)GlcNAc(b1-3)Rha,O26:H11,404399
[Glc(b1-2)][GlcA(b1-3)]Gal(a1-6)Glc(b1-3)[Glc(b1-6)]GalNAc(b1-4)Gal,O27/E1020-72,1095710
[Glc(b1-2)][GlcOAcA(b1-3)]Gal(a1-6)Glc(b1-3)[Glc(b1-6)]GalNAc(b1-4)Gal,O27/E1020-72,1095710
GlcNAc(b1-3)GalfOAc(b1-3)GlcNAcOPGro(a1-4)GlcNAc,O28,562
GlcNAc(b1-3)Galf(b1-3)GlcNAcOPGro(a1-4)GlcNAc,O28,562
GlcNAc(b1-3)Galf(b1-3)GlcNAcGro,O28,562
GlcOPGro(b1-4)GlcNAc(b1-3)GlcNAc(a1-3)GlcOPGro,O28ab/G1473,562
GlcNAc(b1-3)GlcNAc(a1-3)GlcGro,O28ab/G1473,562
GlcNAc(b1-3)Galf(b1-3)GlcNAcOPGro(a1-4)GlcNAc,O28ac,562
GlcNAc(b1-3)GalfOAc(b1-3)GlcNAcOPGro(a1-4)GlcNAc,O28ac,562
Glc(b1-4)[Glc(a1-6)Gal(a1-3)]FucNAc(a1-3)GlcNAcOPGro(b1-6)Glc,O29,1095711
Glc(a1-6)Gal(a1-3)[Glc(b1-4)]FucNAc(a1-3)GlcNAcGro,O29,1095711
[RhaNAc(b1-4)]GlcNAc(b1-3)[Glc(a1-4)]Gal(a1-3)GlcNAc(b1-3)GlcNAc,O3,562
GlcA(b1-4)[GlcNAc(b1-2)]GlcA(b1-3)GlcNAc(a1-4)GlcA,O30,562
Gal(a1-4)GlcA(b1-6)Gal(b1-4)Gal(b1-4)GlcNAc(b1-6)Gal,O32/G1264,562
Gal(a1-4)GlcA(b1-6)Gal(b1-4)GalOAc(b1-4)GlcNAc(b1-6)Gal,O32/G1264,562
GalOPGro(b1-4)GlcNAc(b1-3)Gal(b1-3)GalNAc(b1-2)GalOPGro,O33/SSIE40,562
Gal(b1-4)GlcNAc(b1-3)Gal(b1-3)GalNAc(b1-2)Gal,O33/SSIE40,562
GalNAc(a1-2)[GlcNAc(b1-3)]RhaOMe,O35,562
GalNAcA(a1-2)[GlcNAc(b1-3)]RhaOMe,O35,562
[GalNAcAN(a1-2)]Rha(a1-2)Rha(a1-3)Rha(a1-2)Rha(a1-3)GlcNAc(b1-3)Rha,O35,562
[Rha(a1-2)Fuc(a1-3)]Man(a1-3)Fuc(a1-3)GlcNAc(b1-4)Man,O36,562
Man(a1-3)Fuc(a1-3)GlcNAc(b1-4)Man,O36,562
GalNAcOPGro(b1-3)Gal(a1-4)Gal(b1-3)GalNAc(b1-4)GalNAcOPGro,O37/G1241,562
GlcNAc(b1-3)[GlcNAc(a1-4)]GalNAc(b1-4)GlcA(b1-3)GalNAc(b1-6)GlcNAc,O38/G1648,562
QuiNBut(b1-2)[Gal(a1-3)]Man(a1-4)Rha(a1-3)GlcNAc(a1-3)QuiNBut,O39,562
GlcNAc(a1-3)QuiNBut(b1-2)[Gal(a1-3)]Man(a1-4)Rha,O39,562
GlcNAc(a1-3)QuiNBut(b1-2)Man(a1-3)1dEry-ol,O39,562
[Glc(a1-3)]Rha(a1-6)Glc(a1-3)FucNAc(a1-3)GlcNAc(b1-2)Rha,O4,562
GlcNAc(b1-2)[Glc(a1-3)]Rha(a1-6)Glc(a1-3)FucNAc(a1-3)GlcNAc,O4,562
FucNAc(a1-3)[Glc(a1-6)]GlcNAc(a1-2)Galf(b1-6)Glc(a1-3)FucNAc,O4,562
FucNAc(a1-3)[Glc(a1-6)]GlcNAc(a1-2)Rha(a1-6)Glc(a1-3)FucNAc,O4,562
Galf(b1-6)Glc(a1-3)FucNAc(a1-3)[Glc(a1-6)]GlcNAc(a1-2)Galf,O4,562
Gal(b1-4)Man(b1-4)Gal(a1-3)GlcNAc(b1-2)Gal,O40,562
Gal(a1-3)[GlcA(b1-4)]Fuc(a1-4)GlcNAc(b1-3)Fuc(a1-3)GlcNAc(b1-3)Gal,O41,562
[Glc(a1-3)]GlcNAc(b1-3)GalfOAc(b1-3)GlcNAcOPGro(a1-4)GlcNAc,O42,216592
[Glc(a1-3)]GlcNAc(b1-3)GalfOAc(b1-3)GlcNAcOPGro(a1-4)GlcNAc,O42:K-:H37/CCUG11348,562
[Glc(a1-3)]GlcNAc(b1-3)Galf(b1-3)GlcNAcOPGro(a1-4)GlcNAc,O42:K-:H37/CCUG11348,562
[Fuc(a1-3)]ManOAc(b1-3)Man(a1-3)Fuc(a1-3)GalNAc(b1-4)ManOAc,O43,562
[Fuc(a1-3)]Man(b1-3)Man(a1-3)Fuc(a1-3)GalNAc(b1-4)ManOAc,O43,562
Man(b1-3)Man(a1-3)Fuc(a1-3)GalNAc(b1-4)ManOAc,O43,562
Man(b1-3)Man(a1-3)Fuc,O43,562
Man(a1-2)Man(a1-2)[Glc(a1-4)]Man(b1-3)GlcNAc(a1-6)Man,O44,1010800
Man(a1-2)Man(a1-2)[Glc(a1-4)]Man(b1-3)GlcNAc(a1-6)Man,O44:H18,562
Glc(b1-3)6dTalOAc(a1-3)D-FucNAc(a1-2)Glc,O45,562
Glc(b1-3)6dTalOAc(a1-3)GlcNAc(b1-2)Glc,O45,562
Glc(b1-3)6dTal(a1-3)D-FucNAc(a1-2)Glc,O45,562
Glc(b1-3)6dTal(a1-3)GlcNAc(b1-2)Glc,O45,562
Glc(b1-3)6dTalOAc(a1-3)GlcNAc(b1-2)Glc,O45rel,562
GlcAThr(b1-6)Gal(b1-6)Glc(b1-3)GalNAc(b1-4)GlcAThr,O46/G3214,562
GlcAThrAc(b1-6)Gal(b1-6)Glc(b1-3)GalNAcOAc(b1-4)GlcAThrAc,O46/G3214,562
GlcNAc(b1-4)[GalOAcA(a1-3)]GalNAc(b1-3)Gal(a1-4)Rha(a1-3)GlcNAc,O48:H21,562
GlcNAc(b1-4)GalNAc(b1-3)Gal(a1-3)1dEry-ol,O48:H21,562
QuiNBut(a1-4)GalNAc(b1-4)Rha(a1-3)GlcNAcOAc(b1-2)QuiNBut,O49,562
Glc(a1-3)FucNAc(a1-3)GlcNAc(b1-2)Rha(a1-6)Glc,O4:K52,562
Rha(a1-6)Glc(a1-3)FucNAc(a1-3)GlcNAc(b1-2)Rha,O4:K52,562
GlcNAc(b1-2)[Glc(a1-3)]Rha(a1-6)Glc(a1-3)FucNAc(a1-3)GlcNAc,O4:K6,562
[Glc(a1-3)]Rha(a1-6)Glc(a1-3)FucNAc(a1-3)GlcNAc(b1-2)Rha,O4:K6,562
QuiNAc(b1-3)Ribf(b1-4)Gal(b1-3)GalNAc(a1-4)QuiNAc,O5,1010795
GalNAc(a1-4)QuiNAc(b1-3)Ribf(b1-2)Thre-ol,O5,1010795
NeuNAcOAc(a2-3)Gal(b1-3)GalNAc,O5,1010795
Rha(a1-2)Rha(a1-3)Rha(b1-4)GlcNAc(b1-3)Rha,O50,1963785
[GlcNAc(b1-2)]Rha(a1-2)Rha(a1-4)Glc(a1-3)GalNAc(b1-3)Rha,O51,562
GlcNAc(b1-2)Rha(a1-2)Rha(a1-4)Glc(a1-3)GalNAc,O51,562
D-FucfOAc(b1-3)D-6dManHep(b1-3)D-FucfOAc,O52,562
D-Fucf(b1-3)D-6dManHep(b1-3)D-Fucf,O52,562
D-Fucf(b1-3)D-6dManHepOAc(b1-3)D-Fucf,O52,562
[Glc(a1-2)]Rha(a1-4)GlcA(b1-3)Rha(b1-4)GlcNAc(b1-3)Rha,O53/G1067,562
GalA(a1-2)Rha(a1-2)Ribf(b1-4)Gal(b1-3)GlcNAc(b1-4)GalA,O54,2184075
Gal(b1-3)GlcNAc(b1-4)GalA(a1-2)Rha(a1-2)Rib,O54,2184075
GalA(a1-2)Rha(a1-2)Rib,O54,2184075
[Col(a1-2)Gal(b1-3)]GlcNAc(b1-3)Gal(a1-3)GalNAc(b1-6)GlcNAc,O55,2170726
Gal(a1-3)GalNAc(b1-6)[Col(a1-2)Gal(b1-3)]GlcNAc(b1-3)Gal,O55,2170726
[Col(a1-2)Gal(b1-3)]GlcNAc(b1-3)Gal(a1-3)GalNAc(b1-6)GlcNAc,O55/Su3912/41,2170726
Gal(a1-3)GalNAc(b1-6)[Col(a1-2)Gal(b1-3)]GlcNAc,O55:B5,2170726
[Col(a1-2)Gal(b1-3)]GlcNAc(b1-3)Gal(a1-3)GalNAc(b1-6)GlcNAc,O55:B5,2170726
Glc(a1-2)Glc(a1-2)[GlcN(a1-3)]Gal(a1-3)Glc(a1-3)[Glc(a1-7)LDManHep(a1-7)]LDManHepOP(a1-3)LDManHepOPPEtn(a1-5)[Kdo(a2-4)]Kdo,O55:B5,2170726
[Col(a1-2)Gal(b1-3)]GlcNAc(b1-3)Gal(a1-3)GalNAc(b1-6)GlcNAc,O55:H7,244320
NeuNAc(a2-3)[Gal(a1-2)]Glc(b1-3)GlcNAc(b1-7)NeuNAc,O56,562
Glc(b1-3)GlcNAc(b1-7)NeuNAc,O56,562
Glc(b1-3)GlcNAc(b1-7)NeuNAc(a2-3)Glc(b1-3)GlcNAc(b1-7)NeuNAc,O56,562
Gal(a1-2)Glc(b1-3)GlcNAc(b1-7)NeuNAc,O56,562
Gal(a1-2)Glc(b1-3)GlcNAc(b1-7)NeuNAc(a2-3)[Gal(a1-2)]Glc(b1-3)GlcNAc(b1-7)NeuNAc,O56,562
[GalOAcA(a1-2)]Gal(a1-3)[Glc(b1-4)]FucNAc(a1-3)GlcNAc(a1-3)Gal,O57,562
[GalA(a1-2)]Gal(a1-3)[Glc(b1-4)]FucNAc(a1-3)GlcNAc(a1-3)Gal,O57,562
Gal(a1-3)FucNAc(a1-3)GlcNAc(a1-3)Gal,O57,562
GalOAcA(a1-2)[GlcNAc(a1-3)]Gal(a1-3)[Glc(b1-4)]FucNAc,O57,562
GalA(a1-2)[GlcNAc(a1-3)]Gal(a1-3)[Glc(b1-4)]FucNAc,O57,562
[RhaOAcOLac(a1-3)]Man(b1-4)Man(a1-3)GlcNAc(b1-4)Man,O58,562
RhaOLac(a1-3)[GlcNAc(b1-4)]Man(a1-3)Ery-ol,O58,562
[RhaOLac(a1-3)]Man(a1-4)ManOAc(a1-3)GlcNAc(b1-4)Man,O58,562
[GalOAcA(a1-3)]Man(a1-3)Man(a1-3)Man(b1-3)GlcNAc(a1-6)Man,O59/CCUG11362,562
[GalA(a1-3)]Man(a1-3)Man(a1-3)Man(b1-3)GlcNAc(a1-6)Man,O59/CCUG11362,562
QuiNAc(b1-3)Ribf(b1-4)Gal(b1-3)GalNAc(a1-4)QuiNAc,O5ab,1010795
QuiNAc(b1-3)Ribf(b1-4)Gal(b1-3)GalNAc(a1-2)QuiNAc,O5ac,562
QuiNAc(b1-3)Ribf(b1-4)Gal(b1-3)GalNAc(a1-2)QuiNAc,O5ac/180/C3,562
Glc(b1-2)[GalNAc(a1-3)]Man(b1-4)Man(b1-3)GlcNAc(b1-3)Glc(a1-3)[Gal(a1-2)Gal(a1-2)]Glc(a1-3)Glc(a1-3)[LDManHep(a1-7)]LDManHepOP(a1-3)LDManHepOPPEtn(a1-5)[Kdo(a2-4)]Kdo,O6,217992
GlcNAc(a1-4)GalNAc(a1-3)[Glc(b1-2)]Man(b1-4)Man(b1-3)GlcNAc,O6,217992
GalNAc(a1-3)[Glc(b1-2)]Man(b1-4)Man(b1-3)GlcNAc(a1-4)GalNAc,O6,217992
Glc(b1-2)[GalNAc(a1-3)]Man(b1-4)Man(b1-3)GlcNAc(b1-3)Glc(a1-3)[Gal(a1-2)Gal(a1-2)]Glc(a1-3)Glc(a1-3)[LDManHep(a1-7)]LDManHepOP(a1-3)LDManHepOP(a1-5)[Kdo(a2-4)]Kdo,O6,217992
Glc(b1-2)[GalNAc(a1-3)]Man(b1-4)Man(b1-3)GlcNAc(a1-4)GalNAc(a1-3)[Glc(b1-2)]Man(b1-4)Man(b1-3)GlcNAc(b1-3)Glc(b1-3)[Gal(a1-2)Gal(a1-2)]Glc(a1-3)Glc(a1-3)[LDManHep(a1-7)]LDManHepOP(a1-3)LDManHepOP(a1-5)[Kdo(a2-4)]Kdo,O6,217992
Rha(a1-2)[Gal(a1-3)]Rha(a1-4)Gal(b1-2)Rha,O60,562
8eLegNAcNAc(a2-4)Glc(b1-3)GalNAc(a1-4)8eLegNAcNAc,O61,562
[Glc(a1-2)]Galf(b1-5)[Glc(a1-2)]Galf(b1-3)Galf(b1-5)Galf,O62/G1290,562
QuiNAc(b1-3)Rha(a1-3)[Gal(a1-6)]Gal(b1-3)D-FucNAc(a1-2)QuiNAc,O62D1,562
QuiNThrAc(b1-2)Ribf(b1-4)Gal(b1-3)GlcNAc(a1-2)QuiNThrAc,O63:K-:H-/CCUG11366,562
ManNAc(a1-3)GlcA(b1-3)[Gal(b1-6)]Gal(b1-3)GlcNAc(b1-3)ManNAc,O64,562
QuiNAc(b1-4)GalAN(a1-4)GalNAc(a1-4)GalA(b1-3)GlcNAc(a1-2)QuiNAc,O65,562
QuiNAc(b1-4)GalAN(a1-4)GalNAc(a1-4)GalA(b1-3)GlcNAc(a1-2)QuiNAc,O65/NRCC4926,562
L-4dThrHexA4en(b1-4)GalNAc(a1-4)GalA(b1-3)GlcNAc(a1-2)QuiNAc-ol,O65/NRCC4926,562
Man(b1-3)GlcNAc(a1-2)GlcOAc(b1-3)6dTal(a1-3)GlcNAc(a1-2)Man,O66,562
Man(b1-3)GlcNAc(a1-2)Glc(b1-3)6dTal(a1-3)GlcNAc(a1-2)Man,O66,562
[Rha(a1-3)]Man(a1-2)[Glc(a1-3)]Man(a1-2)Man(a1-2)Man(b1-3)GlcNAc(a1-6)Man,O68,562
Man(a1-2)[Glc(a1-3)]Man(a1-2)Man(a1-2)Man(b1-3)GlcNAc(a1-6)Man,O68,562
GlcNAc(b1-2)Rha(a1-2)Rha(a1-2)Gal(a1-3)GlcNAc,O69,562
Rha(a1-2)Rha(a1-2)Gal(a1-3)GlcNAc(b1-2)Rha,O69,562
GlcNAcOLac(b1-2)Rha(a1-2)Rha(a1-2)Gal(a1-3)GlcNAc(b1-3)GlcNAcOLac,O69/G1682,562
GlcNAcOAcOLac(b1-2)Rha(a1-2)Rha(a1-2)Gal(a1-3)GlcNAc(b1-3)GlcNAcOAcOLac,O69/G1682,562
GalNAc(a1-3)[Glc(b1-2)]Man(b1-4)Man(b1-3)GlcNAc(a1-4)GalNAc,O6:K13,217992
Ribf(b1-7)KdoOAc(b2-3)Ribf,O6:K13/F2677,217992
GalNAc(a1-3)[Glc(b1-2)]Man(b1-4)Man(b1-3)GlcNAc(a1-4)GalNAc,O6:K15,217992
GalNAc(a1-3)[Glc(b1-2)]Man(b1-4)Man(b1-3)GlcNAc(a1-4)GalNAc,O6:K2,217992
GalOPGro(a1-4)GalOPGro(a1-5)GalfOPGro(a1-5)GalfGro,O6:K2ac:H1/Bi7458/41,562
GalNAc(a1-3)[GlcNAc(b1-2)]Man(b1-4)Man(b1-3)GlcNAc(a1-4)GalNAc,O6:K54,217992
GlcA(b1-3)Rha(a1-3)GlcA,O6:K54:H10/E10,562
GlcASer(b1-3)Rha(a1-3)GlcASer,O6:K54:H10/E10,562
GlcAThr(b1-3)Rha(a1-3)GlcAThr,O6:K54:H10/E10,562
GalNAc(a1-3)[Glc(b1-2)]Man(b1-4)Man(b1-3)GlcNAc(a1-4)GalNAc,O6A,217992
QuiNAc(b1-2)[Rha(a1-3)]Man(a1-4)Gal(b1-3)GlcNAc(a1-3)QuiNAc,O7,2162916
GlcNAc(a1-3)QuiNAcN(b1-2)[Rha(a1-3)]Man(a1-4)Gal(b1-3)GlcNAc,O7,2162916
QuiNAc(b1-4)[Rha(a1-3)]Man(a1-4)Gal(b1-3)GlcNAc(a1-3)QuiNAc,O7,2162916
QuiNAc(b1-2)[Rha(a1-3)]Man(a1-4)Gal(b1-3)GlcNAc(a1-3)QuiNAc,O7/VW187,2162916
Gal(b1-3)[Glc(a1-4)]GalNAc(a1-4)QuiNAc(b1-3)D-Fuc(a1-3)Gal,O70/NRCC4927,562
Gal(b1-3)GalNAc(a1-4)QuiNAc(b1-3)D-Fuc(a1-3)Gal,O70/NRCC4927,562
QuiNAc(a1-3)Rha(a1-4)Gal(b1-3)GalNAc(a1-4)QuiNAc,O71,562
QuiNAc(a1-3)RhaOAc(a1-4)GalOAc(b1-3)GalNAc(a1-4)QuiNAc,O71,562
QuiNAc(a1-3)Rha(a1-4)GalOAc(b1-3)GalNAc(a1-4)QuiNAc,O71,562
QuiNAc(a1-3)Rha(a1-4)GalOAc(b1-3)GalNAc(a1-4)QuiNAc,O71:H12,562
QuiNAc(a1-3)Rha(a1-4)Gal(b1-3)GalNAc(a1-4)QuiNAc,O71:H12,562
GalNAc(a1-4)QuiNAc(a1-3)Rha(a1-2)Thre-ol,O71:H12,562
Man(a1-2)[Glc(a1-4)]Man(a1-2)[Glc(a1-3)]Man(b1-3)GlcNAc(a1-6)Man,O73,562
Man(a1-2)Man(a1-2)[Glc(a1-3)]Man(b1-3)GalNAc(a1-4)Man,O73-1,562
GalNAc(a1-4)Man(a1-2)Man(a1-2)[Glc(a1-3)]Man(b1-3)GalNAc,O73-1,562
[Glc(a1-3)]Man(b1-3)GalNAc(a1-4)Man(a1-2)Man(a1-2)Man,O73-1,562
Man(a1-2)Man(a1-2)[Glc(b1-3)]Man(b1-3)GalNAc(a1-4)Man,O73-1,562
[D-FucNAc(b1-3)]GlcNAc(a1-4)GalA(b1-3)GlcNAc(b1-6)GlcNAc,O74,562
GlcNAc(b1-3)[Man(b1-4)]Gal(a1-4)Rha(a1-3)GlcNAc,O75,752788
Man(b1-4)Gal(a1-3)Rha-ol,O75,752788
"Man(b1-4)Gal(a1-3)Rha(a1-3)2,5-Anhydro-Man-ol",O75,752788
[Man(b1-4)]Gal(a1-4)Rha(a1-3)GlcNAc(b1-3)Gal,O75,752788
Rha(a1-3)GlcNAc(b1-3)[Man(b1-4)]Gal,O75,752788
Rha(a1-3)GlcNAc(a1-3)[Man(b1-4)]Gal,O75,752788
GlcA(b1-4)GalNAcOAc(b1-4)GalNAc(a1-3)GalNAc(b1-4)GlcA,O76,562
GlcA(b1-4)GalNAc(b1-4)GalNAc(a1-3)GalNAc(b1-4)GlcA,O76,562
Man(a1-2)Man(a1-2)Man(b1-3)GlcNAc(a1-6)Man,O77,1010800
GlcA(b1-3)Rha(a1-3)GlcA,O77:K96:H-/A12b,562
GlcNAc(b1-4)GlcNAc(b1-4)Man(b1-4)Man(a1-3)GlcNAc,O78,562
Man(b1-4)Man(a1-3)GlcNAc(b1-4)GlcNAc(b1-4)Man,O78,562
Gal(b1-4)[Rha(a1-3)]ManOAc(b1-3)Man(b1-4)GlcA(b1-3)GlcNAc(b1-2)Gal,O79/G4218,562
QuiNAc(b1-2)[Rha(a1-3)]Man(a1-4)Gal(b1-3)GlcNAc(a1-3)QuiNAc,O7:K1,2162916
QuiNAc(b1-2)D-Rha(a1-3)Man(a1-4)Gal(b1-3)GlcNAc(a1-3)QuiNAc,O7:K1,2162916
QuiNAc(b1-2)[Rha(a1-3)]Man(a1-4)Gal(b1-3)GlcNAc(a1-3)QuiNAc,O7:K1/VW187,2162916
Rha(a1-3)[GlcA(b1-2)]Rha(a1-2)Rha(a1-3)Rha,O7:K98:H6,2162916
Glc(b1-2)[Rha(a1-3)]Rha(a1-2)Rha(a1-3)[Glc(b1-2)]Rha,O7:K98:H6,2162916
Glc(b1-2)[Rha(a1-3)]Rha(a1-2)Rha,O7:K98:H6,2162916
RhaOAc(a1-3)[GlcA(b1-2)]Rha(a1-2)Rha(a1-3)RhaOAc,O7:K98:H6,2162916
Man(a1-3)Man(a1-3)GlcNAc,O8,1010796
Man(b1-2)Man(a1-2)Man(a1-3)Man,O8,1010796
Man(a1-2)Man(a1-3)Man(b1-2)Man,O8,1010796
Man(b1-2)Man(a1-2)ManOMe,O8,1010796
Man(b1-2)Man(a1-2)Man(a1-3)Man,O8/F492,562
Man(b1-2)Man(a1-2)Man,O8/F492,562
ManOMe(a1-3)Man(b1-2)Man(a1-2)Man(a1-3)Man(b1-2)Man(a1-2)Man-ol,O8/F492,562
[Fuc(a1-2)]Glc(b1-3)GalNAc(b1-4)GlcA(b1-3)[Fuc(a1-4)]GlcNAc(b1-6)Glc,O80,562
GalNAc(b1-4)GlcA(b1-3)GlcNAcGro,O80,562
GlcNAc(b1-4)GalNAcOPGro(b1-4)[Gal(a1-6)]Glc(b1-3)GalNAc,O81,562
GlcNAc(b1-4)GalNAcOPGro(b1-4)[Gal(a1-6)]Glc(b1-3)GalNAc(b1-6)GlcNAc,O81,562
GlcOPGroA(a1-4)Gal(b1-4)Glc(b1-3)GlcNAc(b1-4)GlcOPGroA,O82,562
GlcOPGroA(a1-4)Gal(b1-4)Glc(b1-3)GlcNAc(b1-4)GlcOPGroA,O82:H8,562
Glc(a1-4)GlcA(b1-6)Gal(b1-4)Gal(b1-4)GlcNAc(b1-6)Glc,O83,562
Gal(b1-4)GlcNAc(b1-6)GlcOMe,O83:K24:H31,562
Glc(a1-4)GlcA(b1-6)Gal(b1-4)Gal(b1-4)GlcNAc(b1-6)Glc,O83:K24:H31,562
Gal(b1-4)GlcNAc(b1-6)Glc(a1-4)GlcA(b1-6)Gal,O83:K24:H31,562
[D-6dTalOAc(a1-3)]FucOP(b1-4)Glc(a1-3)Fuc(a1-3)GlcNAc(b1-2)FucOP,O84/G1205,562
GlcOP(a1-3)Fuc(a1-3)GlcNAc(b1-2)[D-6dTal(a1-3)]Fuc,O84/G1205,562
Glc(a1-3)Fuc(a1-3)GlcNAc(b1-2)[D-6dTal(a1-3)]Fuc,O84/G1205,562
[Galf(a1-4)]Gal(a1-3)ManNAc(b1-6)Galf(b1-3)GlcNAc(b1-2)Gal,O85,562
Fuc(a1-2)[Gal(a1-3)]Gal(b1-3)GalNAc(a1-3)GalNAc(a1-4)Fuc,O86,562
Fuc(a1-2)[Gal(a1-3)]Gal(b1-3)GalNAc(a1-3)GalNAc(b1-4)Fuc,O86,562
Fuc(a1-2)[Gal(a1-3)]Gal,O86,562
Gal(a1-3)[Fuc(a1-2)]Gal(b1-3)GalNAc(a1-3)GalNAc(a1-2)Gal,O86,562
Gal(a1-3)[Fuc(a1-2)]Gal(b1-3)GalNAc(a1-3)GalNAc(a1-2)Gal,O86:B7,562
Fuc(a1-2)Gal(b1-3)GlcNAcOMe,O86:B7,562
Gal(a1-3)[Fuc(a1-2)]Gal(b1-3)GalNAc(a1-2)Gal,O86:B7,562
Gal(a1-3)[Fuc(a1-2)]Gal(b1-3)GalNAc(a1-3)GalNAc(a1-2)Gal,O86:B7/ATCC12701,562
Gal(a1-3)[Fuc(a1-2)]Gal(b1-3)GalNAc(a1-3)GalNAcOP,O86:B7/ATCC12701,562
Fuc(a1-2)[Gal(a1-3)]Gal(b1-3)GalNAc(a1-3)GalNAc(b1-4)Fuc,O86:H2,562
Gal(b1-3)GalNAc(a1-3)GalNAcOP,O86:H2,562
Fuc(a1-2)Gal(b1-3)GalNAc(a1-3)GalNAcOP,O86:H2,562
Fuc(a1-2)[Gal(a1-3)]Gal(b1-3)GalNAc(a1-3)GalNAcOP,O86:H2,562
Fuc(a1-2)[Gal(a1-3)]Gal(b1-3)GalNAc(a1-3)GalNAcOP,O86:K2:H2,562
Fuc(a1-2)[Gal(a1-3)]Gal(b1-3)GalNAc(a1-3)GalNAc(b1-4)Fuc,O86:K2:H2,562
[Fuc(a1-2)]Gal(b1-3)GalNAc(a1-2)Gal(a1-3)GalNAc(a1-3)Gal,O86:K61:B7,562
Gal(b1-3)GalNAc(a1-3)GalNAcOP,O86:K61:B7/ATCC12701,562
Fuc(a1-2)Gal(b1-3)GalNAc(a1-3)GalNAcOP,O86:K61:B7/ATCC12701,562
Fuc(a1-2)[Gal(a1-3)]Gal(b1-3)GalNAc(a1-3)GalNAcOP,O86:K61:B7/ATCC12701,562
Gal(a1-3)[Fuc(a1-2)]Gal(b1-3)GalNAc(a1-3)GalNAc(a1-2)Gal,O86:K62:B7,562
Fuc(a1-2)[Gal(a1-3)]Gal(b1-3)GalNAc(a1-3)GalNAc,O86:K62:B7,562
Fuc(a1-2)[Gal(a1-3)]Gal(b1-3)GalNAc(a1-3)GalNAcOP,O86:K62:B7/ATCC12701,562
Gal(a1-3)[Fuc(a1-2)]Gal(b1-3)GalNAc(a1-3)GalNAc(a1-2)Gal,O86:K62:B7/ATCC12701,562
GalOAcOPGro(a1-4)GalOAcOPGro(a1-5)GalfOAcOPGro(a1-5)GalfOAcGro,O86:K62:H12/F1961,562
Fuc(a1-2)[Gal(a1-3)]Gal(b1-3)GalNAc(a1-3)GalNAc(b1-4)Fuc,O86:K62:H2,562
Fuc(a1-2)Gal(b1-3)GalNAc(a1-3)GalNAc(b1-4)Fuc,O86:K62:H2/WbnI-,562
Galf(b1-4)Gal(a1-3)GalOAcA(a1-3)GalNAc(b1-3)Galf,O87,562
Galf(b1-3)Gal(a1-3)GalOAcA(a1-3)GalNAc(b1-3)Galf,O87,562
[6dTal(a1-3)]Man(a1-3)Man(a1-3)GlcNAc(b1-4)Man,O88,562
[6dTal(a1-3)]Man(a1-3)Man(a1-3)GlcNAc(b1-4)Man,O88:K-:H25,562
[Gal(b1-3)]Glc(b1-4)GlcA(a1-3)Fuc(a1-4)Glc,O8:K27:H,562
Glc(b1-4)GlcA(a1-3)Fuc,O8:K27:H,562
[GlcA(b1-3)]Gal(a1-6)[Glc(b1-2)]Glc(b1-3)GalNAc(b1-4)Gal,O8:K41:H11,562
GlcA(a1-3)[GlcNAc(b1-2)]Man(b1-4)Man(b1-3)GlcNAc(b1-4)GlcA,O8:K43:H11,562
Man(a1-2)Man(a1-2)Man(a1-3)Man(a1-3)Man(a1-2)Man,O9,1010797
Man(a1-3)Man(a1-2)Man(a1-2)Man(a1-2)Man(a1-3)Man,O9,1010797
Man(a1-2)Man(a1-2)Man(a1-3)Man(a1-3)ManOMe,O9,1010797
Man(a1-3)Man(a1-3)GlcNAc,O9,1010797
Gal(a1-2)Gal(a1-2)[Glc(b1-3)]Glc(a1-3)Glc,O9,1010797
Man(a1-2)Man(a1-2)Man(a1-2)Man(a1-3)Man(a1-3)Man,O9,1010797
ManOPOMe(a1-2)Man(a1-2)Man(a1-2)Man(a1-3)Man,O9,1010797
Man(a1-3)Man(a1-2)Man(a1-2)Man(a1-2)Man,O9,1010797
Man(a1-3)Man(a1-2)Man(a1-2)ManOMe,O9,1010797
Man(a1-3)Man(a1-2)Man(a1-2)Man(a1-3)Man(a1-3)Man(a1-3)GlcNAc,O9,1010797
Man(a1-2)Man(a1-3)Man(a1-3)Man(a1-2)Man(a1-2)Man,O9/ATCC23505,562
Man(a1-3)Man(a1-2)Man(a1-2)Man(a1-2)Man(a1-3)Man,O9/ATCC23505,562
FucOAc(a1-2)Gal(b1-3)GalNAc(a1-3)GalNAc(b1-4)FucOAc,O90,562
QuiNBut(a1-4)Gal(b1-4)GlcNAc(b1-4)GlcAGly(b1-3)GlcNAc(b1-4)QuiNBut,O91,1055539
FrufOAc(b2-3)Fruf(b1-2)FrufOAc,O92,562
Fruf(b2-3)Fruf(b1-2)Fruf,O92,562
Xluf(b2-3)D-Fuc(a1-3)Xluf,O95,562
[Galf(b1-4)]GlcA(a1-4)GlcNAc(b1-5)Galf(b1-3)GlcNAc(b1-2)GlcA,O96/G3132,562
GlcNAc(b1-2)GlcA(a1-4)GlcNAc(b1-2)Thre-ol,O96/G3132,562
GlcNAc(b1-4)GlcNAcOLac(b1-4)GlcNAc,O96/G3132,562
[Xluf(b2-2)]Rha(a1-3)[Xluf(b2-2)]Rha(b1-3)Rha,O97,562
L-QuiNAc(a1-4)GalNAcA(a1-3)L-QuiNAc(a1-3)GlcNAc(b1-3)L-QuiNAc,O98,562
[Glc(a1-2)]D-Rha(a1-2)D-Rha(a1-2)D-Rha(a1-3)[Glc(a1-2)]D-Rha(a1-3)D-Rha,O99,562
GlcNAc(b1-6)Glc(a1-2)Glc(a1-3)[Gal(a1-6)]Glc,O9:K30,562
Gal(a1-2)Gal(a1-2)[Glc(a1-3)]Glc(a1-3)Glc,O9:K30,562
ManOMe(a1-2)Man(a1-2)Man(a1-3)Man(a1-3)Man(a1-3)Man(a1-3)Man(a1-3)GlcNAc(a1-2)[Glc(b1-3)Gal(a1-3)]Man(b1-3)Gal,O9:K30,562
Man(a1-3)Man(a1-3)Man(a1-3)Man(a1-3)GlcNAc,O9:K30,562
Man(a1-3)Man(a1-3)Man(a1-3)GlcNAc,O9:K30,562
Glc(a1-4)GlcAOPyr(b1-4)[Gal(a1-3)]FucOAc(a1-3)Glc,O9:K33:H-,562
Glc(a1-4)GlcA(b1-4)[Gal(a1-3)]Fuc(a1-3)Glc,O9:K33:H-,562
Man(a1-2)Man(a1-3)Man(a1-3)Man(a1-2)Man,O9a,562
Man(a1-3)Man(a1-2)Man(a1-2)Man(a1-3)Man,O9a,562
Man(a1-2)Man(a1-3)Man(a1-3)ManOMe,O9a,562
Man(a1-3)Man(a1-3)GlcNAc,O9a,562
ManOMe(a1-2)Man(a1-3)Man(a1-3)Man,O9a,562
Man(a1-2)Man(a1-3)Man(a1-3)Man,O9a,562
ManOP(a1-2)Man(a1-3)Man(a1-3)Man,O9a,562
ManOPOMe(a1-2)Man(a1-3)Man(a1-3)Man,O9a,562
Man(a1-2)Man(a1-2)Man(a1-3)Man(a1-3)Man,O9a,562
Man(a1-2)Man(a1-2)Man(a1-3)Man,O9a,562
Man(a1-3)Man(a1-3)Man(a1-3)Man(a1-3)GlcNAc,O9a,562
[GlcA(b1-3)Gal(a1-3)]Man(a1-3)GalOP(b1-2)Man,O9a:K30,562
Ribf(b1-4)Gal(b1-3)GlcNAc(b1-4)QuiNSerAc(b1-3)Ribf,O:114,102862
Rha(a1-3)Rha(a1-2)Gal(a1-3)GlcNAc(a1-3)Rha,OT99,562
Rha(a1-3)Rha(a1-2)Gal(a1-3)GlcNAc(a1-3)GlcNAc(b1-6)Glc(a1-2)Glc(a1-3)[Gal(a1-6)]Glc,OT99,562
Rha(a1-2)Gal(a1-3)GlcNAc,OT99,562
Rha(a1-3)Rha(a1-2)Gal(a1-3)GlcNAc,OT99,562
Galf(b1-6)Glc(a1-3)RhaOAc(a1-3)GlcNAcOAc(a1-2)Galf,P4/O16,562
Gal(a1-2)Gal(a1-2)[Glc(b1-3)]Glc(a1-3)Glc(a1-3)[GlcN(a1-7)LDManHep(a1-7)]LDManHepOP(a1-3)LDManHepOP(a1-5)[KdoOPEtn(a2-4)]Kdo,R1,562
Gal(a1-2)Gal(a1-2)[Glc(b1-3)]Glc(a1-3)Glc(a1-3)[GlcN(a1-7)LDManHep(a1-7)]LDManHepOPPEtn(a1-3)LDManHepOP(a1-5)[KdoOPEtn(a2-4)]Kdo,R1,562
Gal(a1-2)Gal(a1-2)[Glc(b1-3)]Glc(a1-3)Glc(a1-3)LDManHep,R1,562
Gal(a1-2)Gal(a1-2)Glc(a1-3)Glc(a1-3),R1,562
Gal(a1-2)Gal(a1-2)[Glc(b1-3)]Glc(a1-3)Glc,R1,562
Gal(a1-2)Gal(a1-2)[Glc(a1-3)]Glc(a1-3)Glc,R1,562
Gal(a1-2)Gal(a1-2)[Glc(b1-3)]Glc(a1-3)Glc(a1-3)[LDManHep(a1-7)]LDManHepOP(a1-3)LDManHepOP(a1-5)[Kdo(a2-4)]Kdo(a2-6)GlcOPN(b1-6)GlcOPN,R1,562
Gal(a1-2)Gal(a1-2)[Glc(b1-3)]Glc(a1-3)Glc(a1-3)[GlcN(a1-7)LDManHep(a1-7)]LDManHepOP(a1-3)LDManHepOP(a1-5)[Kdo(a2-4)]Kdo(a2-6)GlcOPN(b1-6)GlcOPN,R1,562
GlcNAc(a1-2)Glc(a1-2)Glc(a1-3)[Gal(a1-6)]Glc(a1-3)DDManHep,R2,562
GlcNAc(a1-2)Glc(a1-2)Glc(a1-3)[Gal(a1-6)]Glc,R2,562
GlcNAc(a1-2)Glc(a1-2)Glc(a1-3)[Gal(a1-6)]Glc(a1-3)[LDManHep(a1-7)]LDManHepOP(a1-3)LDManHepOP(a1-5)[Kdo(a2-4)]Kdo(a2-6)GlcOPN(b1-6)GlcOPN,R2,562
Glc(a1-2)Glc(a1-2)[GlcNAc(a1-3)]Gal(a1-3)Glc,R3,562
Glc(a1-2)Glc(a1-2)[GlcN(a1-3)]Gal(a1-3)Glc(a1-3)[LDManHep(a1-7)]LDManHepOP(a1-3)LDManHepOP(a1-5)[Kdo(a2-4)]Kdo(a2-6)GlcOPN(b1-6)GlcOPN,R3,562
Glc(a1-2)Glc(a1-2)[GlcN(a1-3)]Gal(a1-3)Glc(a1-3)[GlcN(a1-7)LDManHep(a1-7)]LDManHepOP(a1-3)LDManHepOP(a1-5)[Kdo(a2-4)]Kdo(a2-6)GlcOPN(b1-6)GlcOPN,R3,562
Glc(a1-2)Glc(a1-2)[GlcNAc(a1-3)]Gal(a1-3)Glc(a1-3)[GlcNAc(a1-7)LDManHep(a1-7)]LDManHepOP(a1-3)LDManHepOP(a1-5)[Kdo(a2-4)KdoOPEtn(a2-4)]Kdo,R3,562
Glc(a1-2)Glc(a1-2)[GlcNAc(a1-3)]Gal(a1-3)Glc(a1-3)[GlcNAc(a1-7)LDManHep(a1-7)]LDManHepOP(a1-3)LDManHepOPPEtn(a1-5)[Kdo(a2-4)KdoOPEtn(a2-4)]Kdo,R3,562
Gal(a1-2)Gal(a1-2)[Gal(b1-4)]Glc(a1-3)Glc(a1-3)LDManHep,R4,562
Gal(a1-2)Gal(a1-2)[Gal(b1-4)]Glc(a1-3)Glc,R4,562
Gal(a1-2)Gal(a1-2)[Gal(b1-4)]Glc(a1-3)Glc(a1-3)[LDManHep(a1-7)]LDManHepOP(a1-3)LDManHepOP(a1-5)[Kdo(a2-4)]Kdo(a2-6)GlcOPN(b1-6)GlcOPN,R4,562
Gal(a1-2)Gal(a1-2)[Gal(b1-4)]Glc(a1-3)Glc(a1-3)[LDManHep(a1-7)]LDManHepOP(a1-3)LDManHepOP(a1-5)[Kdo(a2-4)]Kdo,R4,562
Man(a1-3)[Man(a1-6)]Man(a1-6)[Man(a1-3)]Man(b1-4)GlcNAc(b1-4)GlcNAcN,RDEC-1,562
[Rha(a1-3)][Glc(b1-6)]Glc(a1-3)RhaOAc(a1-3)GlcNAc(b1-4)Glc,ST131-O25b:H4,941322
Rha(a1-3)[Glc(b1-6)]Glc(a1-3)RhaOAc(a1-3)GlcNAc(b1-7)LDManHep(a1-6)Glc(a1-2)Glc(a1-3)[Gal(a1-6)]Glc(a1-3)[LDManHep(a1-7)]LDManHepOPPEtn(a1-3)LDManHepOPPEtn(a1-5)Kdo,ST131-O25b:H4,941322
NeuNAc(a2-3)[Gal(a1-2)]Glc(b1-3)GlcNAc(b1-7)NeuNAc,Su3684-41,562
Galf(b1-6)Glc(a1-3)RhaOAc(a1-3)[Glc(a1-6)]GlcNAc(a1-2)Galf,TOP10/O12,562
QuiNAc(b1-2)[D-Rha(a1-3)]Man(a1-4)Gal(b1-3)GlcNAc(a1-3)QuiNAc,VW187/O7:K1,562
GlcNAc(b1-6)Glc(a1-2)Glc(a1-3)[Gal(a1-6)]Glc,W3110,562
GlcNAc(b1-4)MurNAcAla(b1-4)GlcNAc,W7,562
GlcNAc(b1-4)MurNAc(b1-4)GlcNAc(b1-4)MurNAc,W7,562
GlcNAc(b1-4)MurNAc(b1-4)GlcNAc(b1-4)MurNAc(b1-4)GlcNAc(b1-4)MurNAc,W7,562
KdoOP(a2-6)GlcOPN(b1-6)GlcOPN,WBB22,562
Kdo(a2-4)[LDManHep(a1-5)]Kdo(a2-6)GlcOPN(b1-6)GlcOPN,WBB53,562
Kdo(a2-8)Kdo(a2-4)[LDManHep(a1-5)]Kdo(a2-6)GlcOPN(b1-6)GlcOPN,WBB53/pWSB31,562
Glc(a1-3)[Gal(a1-6)]Glc(a1-3)[LDManHep(a1-7)]LDManHepOP(a1-3)LDManHepOP(a1-5)Kdo,Y324,562
Glc(a1-3)[Gal(a1-6)]Glc(a1-3)[LDManHep(a1-7)]LDManHepOP(a1-3)LDManHepOPEtn(a1-5)Kdo,Y324,562
LDManHep(a1-6)Glc(a1-2)Glc(a1-3)[Gal(a1-6)]Glc(a1-3)[LDManHep(a1-7)]LDManHepOP(a1-3)LDManHepOP(a1-5)Kdo,Y324,562
LDManHep(a1-6)Glc(a1-2)Glc(a1-3)[Gal(a1-6)]Glc(a1-3)[LDManHep(a1-7)]LDManHepOP(a1-3)LDManHepOPEtn(a1-5)Kdo,Y324,562
LDManHep(a1-3)LDManHepOP(a1-5)Kdo,Y324,562
LDManHep(a1-3)LDManHepOPEtn(a1-5)Kdo,Y324,562
Glc(a1-3)Glc(a1-3)LDManHepOP(a1-3)LDManHepOP(a1-5)Kdo,Y324,562
Glc(a1-3)Glc(a1-3)LDManHepOP(a1-3)LDManHepOPEtn(a1-5)Kdo,Y324,562
Gal(a1-3)Glc(a1-3)LDManHepOP(a1-3)LDManHepOP(a1-5)Kdo,Y324,562
Gal(a1-3)Glc(a1-3)LDManHepOP(a1-3)LDManHepOPEtn(a1-5)Kdo,Y324,562
